/*
Navicat MySQL Data Transfer

Source Server         : localhost
Source Server Version : 50528
Source Host           : localhost:3306
Source Database       : cako_cms

Target Server Type    : MYSQL
Target Server Version : 50528
File Encoding         : 65001

Date: 2015-05-14 17:19:18
*/

SET FOREIGN_KEY_CHECKS=0;

-- ----------------------------
-- Table structure for act_evt_log
-- ----------------------------
DROP TABLE IF EXISTS `act_evt_log`;
CREATE TABLE `act_evt_log` (
  `LOG_NR_` bigint(20) NOT NULL AUTO_INCREMENT,
  `TYPE_` varchar(64) COLLATE utf8_bin DEFAULT NULL,
  `PROC_DEF_ID_` varchar(64) COLLATE utf8_bin DEFAULT NULL,
  `PROC_INST_ID_` varchar(64) COLLATE utf8_bin DEFAULT NULL,
  `EXECUTION_ID_` varchar(64) COLLATE utf8_bin DEFAULT NULL,
  `TASK_ID_` varchar(64) COLLATE utf8_bin DEFAULT NULL,
  `TIME_STAMP_` timestamp NOT NULL DEFAULT CURRENT_TIMESTAMP ON UPDATE CURRENT_TIMESTAMP,
  `USER_ID_` varchar(255) COLLATE utf8_bin DEFAULT NULL,
  `DATA_` longblob,
  `LOCK_OWNER_` varchar(255) COLLATE utf8_bin DEFAULT NULL,
  `LOCK_TIME_` timestamp NULL DEFAULT NULL,
  `IS_PROCESSED_` tinyint(4) DEFAULT '0',
  PRIMARY KEY (`LOG_NR_`)
) ENGINE=InnoDB DEFAULT CHARSET=utf8 COLLATE=utf8_bin;

-- ----------------------------
-- Records of act_evt_log
-- ----------------------------

-- ----------------------------
-- Table structure for act_ge_bytearray
-- ----------------------------
DROP TABLE IF EXISTS `act_ge_bytearray`;
CREATE TABLE `act_ge_bytearray` (
  `ID_` varchar(64) COLLATE utf8_bin NOT NULL DEFAULT '',
  `REV_` int(11) DEFAULT NULL,
  `NAME_` varchar(255) COLLATE utf8_bin DEFAULT NULL,
  `DEPLOYMENT_ID_` varchar(64) COLLATE utf8_bin DEFAULT NULL,
  `BYTES_` longblob,
  `GENERATED_` tinyint(4) DEFAULT NULL,
  PRIMARY KEY (`ID_`),
  KEY `ACT_FK_BYTEARR_DEPL` (`DEPLOYMENT_ID_`),
  CONSTRAINT `ACT_FK_BYTEARR_DEPL` FOREIGN KEY (`DEPLOYMENT_ID_`) REFERENCES `act_re_deployment` (`ID_`)
) ENGINE=InnoDB DEFAULT CHARSET=utf8 COLLATE=utf8_bin;

-- ----------------------------
-- Records of act_ge_bytearray
-- ----------------------------
INSERT INTO `act_ge_bytearray` VALUES ('2', '1', 'baoxiao.bpmn', '1', 0x3C3F786D6C2076657273696F6E3D22312E302220656E636F64696E673D225554462D38223F3E0A3C646566696E6974696F6E7320786D6C6E733D22687474703A2F2F7777772E6F6D672E6F72672F737065632F42504D4E2F32303130303532342F4D4F44454C2220786D6C6E733A7873693D22687474703A2F2F7777772E77332E6F72672F323030312F584D4C536368656D612D696E7374616E63652220786D6C6E733A7873643D22687474703A2F2F7777772E77332E6F72672F323030312F584D4C536368656D612220786D6C6E733A61637469766974693D22687474703A2F2F61637469766974692E6F72672F62706D6E2220786D6C6E733A62706D6E64693D22687474703A2F2F7777772E6F6D672E6F72672F737065632F42504D4E2F32303130303532342F44492220786D6C6E733A6F6D6764633D22687474703A2F2F7777772E6F6D672E6F72672F737065632F44442F32303130303532342F44432220786D6C6E733A6F6D6764693D22687474703A2F2F7777772E6F6D672E6F72672F737065632F44442F32303130303532342F44492220747970654C616E67756167653D22687474703A2F2F7777772E77332E6F72672F323030312F584D4C536368656D61222065787072657373696F6E4C616E67756167653D22687474703A2F2F7777772E77332E6F72672F313939392F585061746822207461726765744E616D6573706163653D22687474703A2F2F7777772E61637469766974692E6F72672F74657374223E0A20203C70726F636573732069643D226D7950726F6365737322206E616D653D22E8AFB7E58187E6B581E7A88B2220697345786563757461626C653D2274727565223E0A202020203C73746172744576656E742069643D2273746172746576656E743122206E616D653D225374617274223E3C2F73746172744576656E743E0A202020203C757365725461736B2069643D22757365727461736B3122206E616D653D22E5A1ABE58699E8AFB7E58187E58D95223E3C2F757365725461736B3E0A202020203C73657175656E6365466C6F772069643D22666C6F77312220736F757263655265663D2273746172746576656E743122207461726765745265663D22757365727461736B31223E3C2F73657175656E6365466C6F773E0A202020203C757365725461736B2069643D22757365727461736B3222206E616D653D22E5BC80E58F91E7BB8FE79086E5AEA1E689B9223E3C2F757365725461736B3E0A202020203C73657175656E6365466C6F772069643D22666C6F77322220736F757263655265663D22757365727461736B3122207461726765745265663D22757365727461736B32223E3C2F73657175656E6365466C6F773E0A202020203C757365725461736B2069643D22757365727461736B3322206E616D653D22E9A1B9E79BAEE7BB8FE79086E5AEA1E689B9223E3C2F757365725461736B3E0A202020203C73657175656E6365466C6F772069643D22666C6F77332220736F757263655265663D22757365727461736B3222207461726765745265663D22757365727461736B33223E3C2F73657175656E6365466C6F773E0A202020203C6578636C7573697665476174657761792069643D226578636C7573697665676174657761793122206E616D653D224578636C75736976652047617465776179223E3C2F6578636C7573697665476174657761793E0A202020203C73657175656E6365466C6F772069643D22666C6F77362220736F757263655265663D22757365727461736B3322207461726765745265663D226578636C75736976656761746577617931223E3C2F73657175656E6365466C6F773E0A202020203C757365725461736B2069643D22757365727461736B3422206E616D653D22E9A1B9E79BAEE7BB8FE79086E5AEA1E689B9223E3C2F757365725461736B3E0A202020203C73657175656E6365466C6F772069643D22666C6F77372220736F757263655265663D226578636C7573697665676174657761793122207461726765745265663D22757365727461736B34223E3C2F73657175656E6365466C6F773E0A202020203C656E644576656E742069643D22656E646576656E743122206E616D653D22456E64223E3C2F656E644576656E743E0A202020203C73657175656E6365466C6F772069643D22666C6F77382220736F757263655265663D226578636C7573697665676174657761793122207461726765745265663D22656E646576656E7431223E3C2F73657175656E6365466C6F773E0A20203C2F70726F636573733E0A20203C62706D6E64693A42504D4E4469616772616D2069643D2242504D4E4469616772616D5F6D7950726F63657373223E0A202020203C62706D6E64693A42504D4E506C616E652062706D6E456C656D656E743D226D7950726F63657373222069643D2242504D4E506C616E655F6D7950726F63657373223E0A2020202020203C62706D6E64693A42504D4E53686170652062706D6E456C656D656E743D2273746172746576656E7431222069643D2242504D4E53686170655F73746172746576656E7431223E0A20202020202020203C6F6D6764633A426F756E6473206865696768743D2233352E30222077696474683D2233352E302220783D223332342E302220793D2237302E30223E3C2F6F6D6764633A426F756E64733E0A2020202020203C2F62706D6E64693A42504D4E53686170653E0A2020202020203C62706D6E64693A42504D4E53686170652062706D6E456C656D656E743D22757365727461736B31222069643D2242504D4E53686170655F757365727461736B31223E0A20202020202020203C6F6D6764633A426F756E6473206865696768743D2235352E30222077696474683D223130352E302220783D223532322E302220793D2236302E30223E3C2F6F6D6764633A426F756E64733E0A2020202020203C2F62706D6E64693A42504D4E53686170653E0A2020202020203C62706D6E64693A42504D4E53686170652062706D6E456C656D656E743D22757365727461736B32222069643D2242504D4E53686170655F757365727461736B32223E0A20202020202020203C6F6D6764633A426F756E6473206865696768743D2235352E30222077696474683D223130352E302220783D223331302E302220793D223136302E30223E3C2F6F6D6764633A426F756E64733E0A2020202020203C2F62706D6E64693A42504D4E53686170653E0A2020202020203C62706D6E64693A42504D4E53686170652062706D6E456C656D656E743D22757365727461736B33222069643D2242504D4E53686170655F757365727461736B33223E0A20202020202020203C6F6D6764633A426F756E6473206865696768743D2235352E30222077696474683D223130352E302220783D223531322E302220793D223136302E30223E3C2F6F6D6764633A426F756E64733E0A2020202020203C2F62706D6E64693A42504D4E53686170653E0A2020202020203C62706D6E64693A42504D4E53686170652062706D6E456C656D656E743D226578636C75736976656761746577617931222069643D2242504D4E53686170655F6578636C75736976656761746577617931223E0A20202020202020203C6F6D6764633A426F756E6473206865696768743D2234302E30222077696474683D2234302E302220783D223534342E302220793D223239302E30223E3C2F6F6D6764633A426F756E64733E0A2020202020203C2F62706D6E64693A42504D4E53686170653E0A2020202020203C62706D6E64693A42504D4E53686170652062706D6E456C656D656E743D22757365727461736B34222069643D2242504D4E53686170655F757365727461736B34223E0A20202020202020203C6F6D6764633A426F756E6473206865696768743D2235352E30222077696474683D223130352E302220783D223632392E302220793D223238332E30223E3C2F6F6D6764633A426F756E64733E0A2020202020203C2F62706D6E64693A42504D4E53686170653E0A2020202020203C62706D6E64693A42504D4E53686170652062706D6E456C656D656E743D22656E646576656E7431222069643D2242504D4E53686170655F656E646576656E7431223E0A20202020202020203C6F6D6764633A426F756E6473206865696768743D2233352E30222077696474683D2233352E302220783D223430392E302220793D223239332E30223E3C2F6F6D6764633A426F756E64733E0A2020202020203C2F62706D6E64693A42504D4E53686170653E0A2020202020203C62706D6E64693A42504D4E456467652062706D6E456C656D656E743D22666C6F7731222069643D2242504D4E456467655F666C6F7731223E0A20202020202020203C6F6D6764693A776179706F696E7420783D223335392E302220793D2238372E30223E3C2F6F6D6764693A776179706F696E743E0A20202020202020203C6F6D6764693A776179706F696E7420783D223532322E302220793D2238372E30223E3C2F6F6D6764693A776179706F696E743E0A2020202020203C2F62706D6E64693A42504D4E456467653E0A2020202020203C62706D6E64693A42504D4E456467652062706D6E456C656D656E743D22666C6F7732222069643D2242504D4E456467655F666C6F7732223E0A20202020202020203C6F6D6764693A776179706F696E7420783D223537342E302220793D223131352E30223E3C2F6F6D6764693A776179706F696E743E0A20202020202020203C6F6D6764693A776179706F696E7420783D223336322E302220793D223136302E30223E3C2F6F6D6764693A776179706F696E743E0A2020202020203C2F62706D6E64693A42504D4E456467653E0A2020202020203C62706D6E64693A42504D4E456467652062706D6E456C656D656E743D22666C6F7733222069643D2242504D4E456467655F666C6F7733223E0A20202020202020203C6F6D6764693A776179706F696E7420783D223431352E302220793D223138372E30223E3C2F6F6D6764693A776179706F696E743E0A20202020202020203C6F6D6764693A776179706F696E7420783D223531322E302220793D223138372E30223E3C2F6F6D6764693A776179706F696E743E0A2020202020203C2F62706D6E64693A42504D4E456467653E0A2020202020203C62706D6E64693A42504D4E456467652062706D6E456C656D656E743D22666C6F7736222069643D2242504D4E456467655F666C6F7736223E0A20202020202020203C6F6D6764693A776179706F696E7420783D223536342E302220793D223231352E30223E3C2F6F6D6764693A776179706F696E743E0A20202020202020203C6F6D6764693A776179706F696E7420783D223536342E302220793D223239302E30223E3C2F6F6D6764693A776179706F696E743E0A2020202020203C2F62706D6E64693A42504D4E456467653E0A2020202020203C62706D6E64693A42504D4E456467652062706D6E456C656D656E743D22666C6F7737222069643D2242504D4E456467655F666C6F7737223E0A20202020202020203C6F6D6764693A776179706F696E7420783D223538342E302220793D223331302E30223E3C2F6F6D6764693A776179706F696E743E0A20202020202020203C6F6D6764693A776179706F696E7420783D223632392E302220793D223331302E30223E3C2F6F6D6764693A776179706F696E743E0A2020202020203C2F62706D6E64693A42504D4E456467653E0A2020202020203C62706D6E64693A42504D4E456467652062706D6E456C656D656E743D22666C6F7738222069643D2242504D4E456467655F666C6F7738223E0A20202020202020203C6F6D6764693A776179706F696E7420783D223534342E302220793D223331302E30223E3C2F6F6D6764693A776179706F696E743E0A20202020202020203C6F6D6764693A776179706F696E7420783D223434342E302220793D223331302E30223E3C2F6F6D6764693A776179706F696E743E0A2020202020203C2F62706D6E64693A42504D4E456467653E0A202020203C2F62706D6E64693A42504D4E506C616E653E0A20203C2F62706D6E64693A42504D4E4469616772616D3E0A3C2F646566696E6974696F6E733E, '0');
INSERT INTO `act_ge_bytearray` VALUES ('3', '1', 'baoxiao.png', '1', 0x89504E470D0A1A0A0000000D49484452000003E70000015708020000004FC9A8B700002A5749444154789CEDDD7F6C5B57FDFF71AF5B3717A81AC4A0E1D7E681442DED472C36A9F98BBA4334460266896935FBA3B3546D0B9A18154260405B115B89108CC0774C196CC502F583D19462B11F84B51D61B45DE88F346D97CD6B9BD55D7F2CEBAFB934696F132739DF13DFEECEBBF675AE9338F7DCEBE7436F5537F6BDC7F7DE737CF68AE7DCEB1300000000D4E6737A07000000004C81D40E000000A88ED40E000000A88ED40E000000A88ED40E000000A88ED40E000000A88ED40E000000A88ED40E000000A88ED40E000000A88ED40E000000A88ED40E000000A88ED40E000000A88ED40E000000A88ED40E000000A88ED40E000000A88ED40E000000A88ED40E000000A88ED40E000000A88ED40E000000A88ED40E000000A88ED40E000000A88ED40E000000A88ED40E000000A88ED40E000000A88ED40E000000A88ED40E000000A88ED40E000000A88ED40E000000A88ED40E000000A88ED40E000000A88ED40E000000A88ED40E000000A88ED40E000000A88ED40E000000A88ED40E000000A88ED40E000000A88ED40E000000A88ED40E000000A88ED40E000000A88ED40E000000A88ED40E000000A88ED40E000000A88ED40E000000A88ED40E000000A88ED40E000000A88ED40E000000A88ED40E000000A88ED40E000000A88ED40E000000A88ED40E000000A88ED40E000000A88ED40E000000A88ED40E000000A88ED40E000000A88ED40E000000A88ED40E000000A88ED40E000000A88ED40E000000A88ED40E000000A88ED40E00B045D3B4542A158BC5C2E1702010F0D52B79ECF20C44A3D1643299CBE59CEE1600F582D40E00985A5757974CAB32B26FD8B061F3962D87060646F3F9FA2C79ECF20C747676AE5AB54A9E1399DD9DEE1C007581D40E00A82497CBC5E3F1969696A3C78E8EE647A9E23A75FA94CCEEF2E40C0E0E3ADD51003C8ED40E00B024237B28147A7AFD53A3F911CAAA9E7BFEB9A54B9766B359A7BB0B809791DA010096E2F17821B25FA22AD7E62D9B962DFB92D3DD05C0CB48ED0080F2BABABA5A5A56E4C734CA4EFDE087DF5FB7EE11A73B0D806791DA010065689A1608048E1DCFE6C72E52766A68F8DDA6A65B32998CD35D07C09B48ED00803292C9643C1ECF8F5D306A79E46B36AF8D58BC555DD5BA753F4B24124E771D006F22B50300CA8846A39D1BFFFA7E645FD1F2B61047C6C5C1BC786D44EC1D11BB86C6DA37BEF4E2F1733B46C57F35B143135B2F884D97C46FB7EEBFAFF57EC703B423B5BBB727140A39DD7500BC89D40E002823180CF6F7EFC98F0DEBE5F3F98684189E10E7C6C4D951714188EFFDF861DFBC8F34AF881ECF8BA323E2E82591D5C4A131F1CC2B7B0B1FB70FD7610D0D9FF1FBFD4E771D006F22B5037544D3B4743ABD76EDDA68341A7E4F2412918FA45229EEF288620D0D0DA7CF1CCF8F0DE92583F8857131323EF9D4D8C4E4BFCFBEF0CF4F7DFEA69F3CFAAB3121CE8F89737971362FE418DAB4735F21B50FD567C96377B6E3007815930B5017645897E9DCEFF7CBBC2E337A67E7C6CD5B5ED2EBB9E75F78E8A18763B1984C69CDCDCDDCE811BA42F23E6F94FC71784C9CB92846C72FAF207FCDFBF5E34F3EF2CBC78F9E98BCC1507E428C16D2FCF6DD7B4DDBD65591DA01D408930BE0717D7D7DE17058867599CE47F363956BEBB6EDAB56DD130A85BABBBB9DDE7138AC90BCFF67D4646A1F17A72E887786445E88D19191E092253EDF953E9FFFCE6FAD2ADE7057EF1ED3B67555A4760035C2E40278595B5B9B8CE09BB7BC34655E2FAE5DBB7B972D5BD6DADAAA699AD34700C71492F739A3F46FC89CB9284E9C17272F895DFD6F2E5EBCF8CAABAE5EB0E8DAD8DD1F48ED3B77F79AB6ADAB22B503A8112617C09B64E08EC5628944A2AABC5E5CBF7BE28970383C3838E8F4A1C01985E49D334AFE7871429CD5263F6B3F75496CD999B9B9E9D66B3FFE89450D1F7DF24FCF5C126268445C1899DC706BCF4ED3B67555A4760035C2E40278908CECCDCDCDA9546ADA91DDF8C28C6C279BCD3A7D4070804C9F6363EF1AA5875119DCCFE5C5BBA3E2C4F9FCF6FDD9A62FDEB6FC2B5F3D3922DED1C4494D9C191132B76FDDB1D3B46D5D15A91D408D30B9001E148BC5661ED98D6FCBC8E0CE5765EA90297987972FDBF7FAC15DFB333D7D996DBD996D7B0E6CDF37F0AF1DAFBDB2FFF0CBBD07FED3FBC6B63D6FF4EC3DB0FFE05B4FFC7EFD5D2BEF723C3D93DA01780C930BE0356D6D6D33F9624C6975766E8C46A34E1F16E65A21B59F2DAE071EB8DFCE8D51BF79E79DA60DEBAA48ED006A84C905F094BEBEBE5028348B915DAFFBEEBBBFA3A3C3E983C39C2AA4F63354B5456A0750234C2E80A7C8C8BE6B77EFACA7F6A3C78E5F7F7D80EFC9D495C9D43E7E9AAAB648ED006A84C905F08E743A1D8D46673DB2EBF5E083DF6D6F6F77FA1031770AA9FD14556D91DA01D408930BE01DE170B8DA4BB357F5717B6363A3D38788B95348ED27A96A8BD40EA046985C008FC8E5720D0D0D358AEC7A2D5DBAB4A7A7C7E903C51C29A4F677A86A8BD40EA046985C008F482693F178BCA6A9FDD175EB128984D3078AD9944AA5ACAEC75F48ED8354B5456A0750234C2E8047B4B6B6767474D434B56FDEF252381C76FA40316B0E1C38A05FAB71E1C2859D9D9DA66749EDA476004A6172013C2212893CF7FC0B354DED870606AEBF3EE0F48162D6689A366FDE3C3DB8CF9F3FFFC61B6F2CFEDCBD90DADF9E61991A296D73CAABBF5B6D65E7E56CAE332B475ADC9A735D0AC0CB985C008FA8D1351F8BEBFCD0B0DFEF77FA40319B1A1B1B8B23F282050B56AF5EAD5FE253FE383E7E6286A5376295C88B57A8B0B99D768CD54C8D97AE637AB959394C53E34EF72A006F6272013C42C6AFA3C78ED734B5CB9289241C0E4FF9F928BC617CFCF80CCBD488559BD5BE56D9F5F5078BFF2D5DBFA6076BBC84D39301006F6272013C22180CBEDADF3F07A9DDE903C56C5AB46891115BA305F2B7B24C26232E7FD67E6C265514888F9584645FD9352BAC63B566F153A67F4D4F991EB75A9EF9513BDDAB00BC89C905F0889A5EAC9DEFB57B522E97D383AFFC95EFDE7BEF95FFA65229E3D942903D3AC3321A31B556F9C7D246A65CDF58A728CDBFBF5CBC1BD6BF21CCF4608D9770B04F017818930BE011F178FCE9F5EB6B9ADAB76EDBBE74E952A70F14B3E6C891237EBF3F1289040281442221437CF1B38520FBD60CCB68A45C4A36AF33653BD681FB03EBD8D99F0ACB333F64A73A1480B731B9001ED1DEDEFEE083DFAD696A97BF15AC5A758FD3078AD9944EA793C964D94BB6CF7A6AAF909E2BC771FBED14B7666AD9FE6B91DA01A889C905F00819BC0281404D537B4B4B4B575797D3078A395208B24766584623E552B2DD6D6DB6A32F5B6D55B9FD592C523B801A617201BCA3A67F907A7E68B8A1A141BF2620EAC164A89DC8CEB02E07EBC282E9713BDB962E5768C778A1D217353D65F971FB8C8F577F15A7BB0E803731B900DE51D32FC9FCEAB1C764E34E1F22E64E21C51E9E49BD17850F5BA7E4299E2A6EAAB84DD39AC5EB9876DBB48EE9A9191EA055B34E771D006F627201BC43D3B44020508BABB69F1F1ABEFEFAC0E0E0A0D38788B95308B56FCE62190DDA6CB978B5F7C2B7795BD33A533E62B5EDEC1EA6D35D07C09B985C004F49A55277AD5CC907ED98B942A81D98AD32B556A1F1A20FD1CBAC5FFCB869357DD96ACD297769168FD4E9AE03E04D4C2E80D77CE38E3B3A3B37CE62647FB5BFBFA9A9E9FCD0B0D34786395508B587A86A8BD40EA046985C00AFC9E5724B972E9DAD3F4B3D75FA8C8CEC8706069C3E2CCCB5426A3F48555BA4760035C2E4027850269391C15D46ED9947F66FDC71C773CFBFE0F401C101A476523B00A530B900DED4D7D7D7D4D4B475DBF6997C3146467F227BDD92E97362E200556D91DA01D408930BE059B95C6ED9B2650F3DF4F0A9D367AACAEBE787867FF5D863FAD76C9C3E0838A690DADFA0AA2D523B801A617201BC4CD33499DA972C09CA142EB3B89DC8FEF4FAF572FD071FFCAECCFA4EEF3E9C5448ED19AADA22B503A8112617C0FB060707D7AC59D3D0D0F08D3BEE90A17CD7EE5E5352978F6CD8F07F77AD5C29D759B5EA9E6C36EBF42EC37985D4FE3A556D91DA01D408930B502F344D4BA7D3F178BCA9A9C9747749F9888CECA9542A97CB39BD9B5085DFEFBF7871CFC4C46B5455456A0750234C2E0080320281C0E1C32F4E4CF4535515A91D408D30B90000CA884422FFE8EA9810AF52F6EBF5CCB3C160D0E9AE03E04DA4760040196D6D6D89C46AC773B0BBEA8FC947E3F1B8D35D07C09B48ED008032B2D96C3078C3456DD784D84FD9AC68F4F6743AED74D701F026523B00A0BCB5935A27C43ECA4EFD25F58B582CE274A701F02C523B00A03C4DD3C2E1DB7A7AFE2CC45EAA720D0E6E09066FC8E5B63ADD69003C8BD40E00B094C96442A125994C5A883ECAAA646497BFDE74773FE5747701F032523B00C02C994C1ACB3D3D3D32B8B7B57D47883D5469A5D38F058381EEEE3F38D75D00EA02A91D007099A6691D1D1D8140C0742114F97822110F876F4D267F3A38B849885E2A97FB772AF5F358AC251A0DCB65A7BA0C40FD20B50300442E976B6F6F9779BDB5B5359BCD965DA7BBBB3B1EFF7A63E3C77CF0F91A1A16C6622B64709FDB8E0250BF48ED0050D7645E5FBB76ADCCEB6BD6AC191C1C747A770000E591DA01A04EC98C2E937A6363A34CED32BB3BBD3B00804A48ED005077B2D96C3C1E0F0402EDEDED9AA639BD3B0080A991DA01A08EF4F5F5E9793D994C92D701C04548ED0050177A7A7AA2D16828142ABEAA2300C02D48ED00E071DDDDDDE170B8B9B9399D4E3BBD2F00806922B5038067C9981E0A85646497C1DDE97D0100CC08A91D003C28994C0683C16834DAD7D7E7F4BE00006601A91D00BCA3F8E6A6994CC6E9DD0100CC1A523B0078819D9B9B0200DC8BD40E00EEC6CD4D01A01E90DA01C0ADF49B9BCABCCECD4D01C0F348ED00E03ED96CB6B5B555BFB929791D00EA01A91D00DC2493C9E83737EDE8E8E0E6A600503F48ED00E00E7D7D7DD16834180C72735300A843A47600509D7E73D35028C4CD4D01A06E91DA01405D32A63737377373530000A91D0054944C2643A150341AEDE9E9717A5F0000CE23B5038042344D93795DBFB9695F5F9FD3BB03005005A91D009420F3BA7E735399D7B9B92900C084D40E000ED36F6EDAD8D8C8CD4D01005648ED00E0186E6E0A00B089D40E000EE0E6A60080AA90DA01604EC9BCCECD4D0100D522B503C01CD16F6E2AF33A37370500548BD40E0035D7DDDD1D8944B8B9290060DA48ED00504332A6870BBABABA9CDE1700808B91DA01A02652A9947E73D3EEEE6EA7F70500E07AA476009865FACD4D63B11837370500CC16523B00CC0EFDE6A68D8D8DDCDC140030EB48ED003053FACD4D03810037370500D408A91D00A64F66F44422A1DFDC94BC0E00A81D523B004C47369B5DB3668DCCEB6D6D6DDCDC1400506BA47600A88E7173D3F6F6766E6E0A00981BA47600B08B9B9B02009C426A0780A97173530080B348ED00504957571737370500388ED40E00E5A5D3E95028148944B8B92900C071A4760030D36F6E1A8D46B9B929004011A47600B84CBFB9A9CCEBDCDC1400A01A523B00EFFBFBDFFFFEE94F7FBAADADCD6A855C2E279FD56F6E4A5E07002888D40EC0E376ECD8E12BB8E69A6B4A2FAF3E3838B876ED5A99D713890437370500288BD40EC0E3AEBBEE3A3DB5DF7CF3CDC5D76D94195DBFB9A94CEDDCDC1400A038523B002FFBCD6F7EE37BCF873FFCE19B6EBA490674FDE6A68D8D8DDCDC1400E016A476009E2503BADFEFF77DD0A2458BAEBBEE3A6E6E0A007017523BE0329AA6A552A9582C160E87038180AF5EC9639767201A8DCAFC6DF5FD16F96CE9865FF8C217E4D99BE35E730B4697CECEE8028039466A07DCA4ABAB4BE60919AA366CD8B079CB96430303A3F97C7D963C7679063A3B3B57AD5A25CF49D9CFCE9B9B9B4B0399DFEFE783F6B2185D558D2E009863A476C01D72B95C3C1E6F6969397AECE8687E942AAE53A74FC974254F8EE92230DCDCD42646D734461700CC31523BE0023254C9F4F9F4FAA746F32394553DF7FC734B972EE56AEBD5627431BA00B802A91D7081783C5E085597A8CAB579CBA665CBBEE47477B90CA38BD105C01548ED80EABABABA5A5A56E4C734CA4EFDE087DF5FB7EE11A73BCD35185D8C2E006E416A0794A6695A201038763C9B1FBB48D9A9A1E1779B9A6EC964324E779D0B30BA185D005C84D40E282D994CC6E3F1FCD805A39647BE66F3EA75C55BD555AD5BF7B34422E174D7B900A38BD105C04548ED80D2A2D168E7C6BFBE1FAA56B4BC2DC4917171302F5E1B117B47C4AEA1B1F68D2FBD78FCDC8E51F15F4DECD0C4D60B62D325F1DBADFBEF6BBDDFF188E348EDEEED0985424E779D0B30BA185D005C84D40E282D180CF6F7EFC98F0DEBE5F3F98684189E10E7C6C4D951714188EFFDF861DFBC8F34AF881ECF8BA323E2E82591D5C4A131F1CC2B7B0B1F880ED7610D0D9FF1FBFD4E779D0B30BA185D005C84D40E28ADA1A1E1F499E3F9B121BD6454BA302E46C6279F1A9B98FCF7D917FEF9A9CFDFF493477F3526C4F931712E2FCEE6454E884D3BF71572D5507D963C76673BCE15185D8C2E002EC2D40328AD908DCE1B257F1C1E13672E8AD1F1CB2BE472B95F3FFEE423BF7CFCE889C95BC0E427C468216F6DDFBDD7B46D5D15B9CA0E4617A30B808B30F5004A2B64A3FF193599ABC6C5A90BE29D21911762746424B86489CF77A5CFE7BFF35BAB8A37DCD5BBC7B46D5D15B9CA0E4617A30B808B30F5004A2B64A37346E9DF613873519C382F4E5E12BBFADF5CBC78F195575DBD60D1B5B1BB3F90AB76EEEE356D5B5745AEB283D1C5E802E0224C3D80D20AD9286794FCF1E28438AB4D7E1A7AEA92D8B2337373D3ADD77EFC138B1A3EFAE49F9EB924C4D088B83032B9E1D69E9DA66DEBAAC8557630BA185D005C84A907509ACC076363EF1AA5C70519ADCEE5C5BBA3E2C4F9FCF6FDD9A62FDEB6FC2B5F3D3922DED1C4494D9C191132596DDDB1D3B46D5D15B9CA0E4617A30B808B30F5004A3365A3F0F265FB5E3FB86B7FA6A72FB3AD37B36DCF81EDFB06FEB5E3B557F61F7EB9F7C07F7ADFD8B6E78D9EBD07F61F7CEB89DFAFBF6BE55D8EE71B7295CA185D8C2E002EC2D40328AD90ABCE16D7030FDC6FE7D695DFBCF34ED3867555E42A3B185D8C2E002EC2D40328AD90ABCE50D516B9CA0E4617A30B808B30F5004A9BCC55E3A7A96A8B5C6507A38BD105C045987A00A51572D529AADA2257D9C1E86274017011A61E4069855C7592AAB6C8557630BA185D005C84A907505A2157BD43555BE42A3B185D8C2E002EC2D40328AD90AB06A96A8B5C6548A552D96CB6EC538C2E4617001761EA019446AE2257CDC4810307F46B352E5CB8B0B3B3D3F42CA38BD105C045987A00A51572D5DBB52BA3FDB22F64FFD5CB5ED5DB7E83A5BB31C3032757E9344D9B376F9EDE1DF3E7CFBFF1C61B8B3F779FC949B6D9E376C61EA30B00EC60EA019426F3C1F8F889AAAA6CC4D1192B14AF5C76D9F488553BC68FA58D1B8F575676ABB23B53ED4970BAEB54D1D8D8587CC2172C58B07AF56A99E645F5A3CBD46B15864DE5EE667401C03430F5004A2BC48BE3D3A8E20D4D8D5478CA6AB5299BB25AA8BCFF536E3E650B155A0E87C353A63ACC645CD91C24F6079E55E3560B95F77FCACD6732BA9C9E1800D423A61E40698554716C1A55BCA1A9111B49EEFD4D2AB4635AAD6C3B15F6AA747FCABEEEF4CE00B9CAB068D122E30C470BE4EF33994C464C6B74D9E971AB662B772EA30B002A63EA019456481547A751C51B5A3552A1F1A2ACF381954D9B183F565EB052B69DE2676772F84E779D1272B99C7E3283C1E0BDF7DE2BFF4DA552C6B3D338BDA5FD5BB913CBF638A30B00A681A907505A2158BC358D2ADED0AA91291B375628DB5A51002AB366E56D2BB459DCF8F48E5DDFDCE9AE53C2912347FC7E7F241209040289444286F8E267A77186ED74B4CDF1C6E80280AA30F5004AAB365B54F8E8B134A94CF9AC5508B38A41655BB3B33315F219B96A86D2E97432992C7BC9F6699C643B01DAAAD9CA499AD105009531F5004A2BC48B23D3A8E20DCB36A23F68B5DA07D3CF077EACDC72E547CA2E17B759BA30EDC377BAEB5C601A27B9424F993AD4224933BA00609A987A00A54DC68B89EC34AA78C3B28D180FEA0B765EA8749DE246CA4434EBA78A5728DD199BFB5379579DEE3A1798C649363AAE429759355BF9E5185D005019530FA0B442BC385C6D99B62A6D64CA158CC78B9F2ADB4E55AF35E5B2BE50DCECB4CF80D35DE702D59E5BABCEB53F9C185D00306D4C3D80D20AA9E2CD6ACBB455851FDF4B30EF2F981EAFDCCE94EBD87CD678BC787FEC3458E1859CEE3A1798DEB9B51A48A68161F1F937A30B00A689A907505A21550C5455A59B946DE4BD0463F7C192F835C50A562F5A794F8A57A8D08E9D93E074D7B9C0F4CE6D857152A1972BF73EA30B00A6C4D40328AD902A0E51D516B9CA0E4617A30B808B30F5004A2BE4AA8354B545AEB283D1C5E802E0224C3D80D2C855E4AADA617431BA00B808530FA034990F26260E50D516B9CA0E4617A30B808B30F5004A2BE4AA37A86A8B5C6507A38BD105C045987A00A515725586AAB6C8557630BA185D005C84A907505A2157BD4E555BE42A3B185D8C2E002EC2D40328CDEFF75FBCB86762E235AAAA2257D9C1E86274017011A61E40698140E0F0E1172726FAA9AA8A5C6507A38BD105C045987A00A54522917F74754C885729FBF57AE6D96030E874D7B900A38BD105C04548ED80D2DADADA1289D58E271577D51F938FC6E371A7BBCE05185D8C2E002E426A079496CD6683C11B2E6ABB26C47ECA6645A3B7A7D369A7BBCE05185D8C2E002E426A0754B77652EB84D847D9A9BFA47E118B459CEE34D7607431BA00B805A91D509DA669E1F06D3D3D7F16622F55B90607B7048337E4725B9DEE34D7607431BA00B805A91D70814C26130A2DC964D242F451562543950CA0DDDD4F39DD5D2EC3E86274017005523BE00E3D3D3D325AB5B57D47883D5469A5D38F058381EEEE3F38DD51AEC4E8627401501FA91D700D4DD3128978387C6B32F9D3C1C14D42F452B9DCBF53A99FC7622DD168582E3BDD452EC6E8627401501CA91D7099EEEEEE78FCEB8D8D1FF3C1E76B6858188BAD90D1CAE96EF108465731461700A590DA0100CAE19AE80060426A070028C7E7E33F4F00F0014C8B0000E590DA01C084691100A01C523B0098302D020094436A070013A64500807248ED0060C2B40800500EA91D004C98160100CA21B5038009D322004039A4760030615A04002887D40E00264C8B0000E590DA01C084691100A01C523B0098302D020094436A070013A64500807248ED0060C2B40800500EA91D004C98160100CA21B5038009D322004039A4760030615A04002887D40E00264C8B0000E590DA01C084691100A01C523B0098302D020094436A070013A64500807248ED0060C2B40800500EA91D004C98160100CA21B5038009D322004039A4760030615A04002887D40E00264C8B0000E590DA01C084691100A01C523B0098302D020094436A070013A64500807248ED0060C2B40800500EA91D004C98160100CA21B5038009D322004039A4760030615A04002887D40E00264C8B0000E590DA01C084691100A01C523B0098302D020094436A070013A64500807248ED0060C2B40800500EA91D004C98160100CA21B5038009D322004039A4760030615A04002887D40E00264C8B0000E590DA01C084691100A01C523B0098302D020094436A070013A64500807248ED0060C2B40800500EA91D004C98160100CA21B5038009D322004039A4760030615A04002887D40E00264C8B0000E590DA01C084691100A01C523B0098302D020094436A070013A64500807248ED0060C2B40800500EA91D004C98160100CA21B5038009D322004039A4760030615A04002887D40E00264C8B0000E590DA01C084691100A01C523B0098302D020094436A070013A64500807248ED0060C2B40800500EA91D004C98160100CA21B5038009D322004039A4760030615A04002887D40E00264C8B0000E590DA01C084691100A084542A25C3BADFEF0F854272A1B1B151FEFBA10F7D2893C938BD6B00E03C523B0040097FFBDBDF7C25962F5F9E4EA79DDEB5D9A1699AFCCD24168B85C3E14020507AB075421EBB3C03D16834994CE67239A7BB05700D523B00400932D45E73CD35C5F1EE965B6E696C6CF446B0EBEAEA92695546F60D1B366CDEB2E5D0C0C0683E5F9F258F5D9E81CECECE55AB56C97322B3BBD39D03B803A91D00A08A1FFDE847575D759591DABFFDED6F271209A7776AA6E46F1DF178BCA5A5E5E8B1A3A3F951AAB84E9D3E25B3BB3C398383834E7714A03A523B0040218B172FD623FBCA952B038180A6694EEFD18CC8C81E0A859E5EFFD4687E84B2AAE79E7F6EE9D2A5D96CD6E9EE0294466A070028E4E5975F9E3F7FBE4CED9148C403DF688FC7E385C87E89AA5C9BB76C5AB6EC4B4E7717A034523B00402DB7DF7EBB9EDA9DDE9199EAEAEA6A6959911FD3283BF5831F7E7FDDBA479CEE34405DA47600805A060707656A77FB051F354D0B0402C78E67F36317293B3534FC6E53D32D6EEF77A07648ED0000E5F8DC7F97A56432198FC7F363178C5A1EF99ACD6B23166F5557B56EDDCF3CF0F7C7408DB87E5A0400788C7ED115B75FF0311A8D766EFCEBFB917D45CBDB421C191707F3E2B511B17744EC1A1A6BDFF8D28BC7CFED1815FFD5C40E4D6CBD20365D12BFDDBAFFBED6FB1D0FD08ED4EEDE9E5028E474D7018A22B503001422C3FAB265CB9E5EBF3E1C0EBB3AB80783C1FEFE3DF9B161BD7C3EDF9010C313E2DC98383B2A2E08F1BD1F3FEC9BF791E615D1E3797174441CBD24B29A3834269E79656FE1E3F6E13AACA1E1337EBFDFE9AE0314456A07502F344D4BA7D36BD7AE8D46A3E1F7442211F9483299E472D12AD023FBAEDDBDA3F931F9AFAB837B4343C3E933C7F363437AC9207E615C8C8C4F3E353631F9EFB32FFCF3539FBFE9278FFE6A4C88F363E25C5E9CCD0B79B49B76EE2BA4F6A1FA2C0F7C390AA811DE1B00BC4F867599D4A7FC32712814EAE8E870FB05C2DDAB38B2EBE5EAE05E48DEE78D923F0E8F893317C5E8F8E515E471FDFAF1271FF9E5E3474F4CFEC6989F10A38534BF7DF75ED3B67555A476C00AEF0D005ED6DDDDDDDCDC6CF34F00758140C0039709779DD2C8EEF6E05E48DEFF336A32B58F8B5317C43B43222FC4E8C84870C9129FEF4A9FCF7FE7B756156FB8AB778F69DBBA2A523B6085F706006FD2342D1E8F977E9AFE831FFCB0B373E3E62D2F19F5D0430FB7B4B498D68C46A36E4C8A2E6515D95D1DDC0BC9FB9C51FA3764CE5C1427CE8B9397C4AEFE37172F5E7CE555572F58746DECEE0FA4F69DBB7B4DDBD65591DA012BBC370078D0E0E0A0E923F6071FFCEEA18181B2A150AF53A7CFFCEE89271A1B1B8B3F74EFEBEB73FA50BCAF7264776F702F24EF9C51F2C78B13E2AC36F959FBA94B62CBCECCCD4DB75EFBF14F2C6AF8E8937F7AE692104323E2C2C8E4865B7B769AB6ADAB22B50356786F00F09A6C362B03B711BE239148E5BC6ECAEE0F3DF4B0B1ADDFEFEFE9E971FA80BCCC4E6477697097E3676CEC5DA3F4302A83FBB9BC7877549C389FDFBE3FDBF4C5DB967FE5AB2747C43B9A38A989332342E6F6AD3B769AB6ADAB22B50356786F00F0144DD38A3F657F74DD3A9B79BDB8366CF83F99D78D4FDCB9BC4C8DD88FEC6E0CEEA6E41D5EBE6CDFEB0777EDCFF4F465B6F566B6ED39B07DDFC0BF76BCF6CAFEC32FF71EF84FEF1BDBF6BCD1B3F7C0FE836F3DF1FBF577ADBCCBF1F44C6A0754C37B0380A7C4623123B277766E9C4664370262434383DE8E4C8A4E1F9607551BD95D17DC0BA9FD6C713DF0C0FD95FF125AF7CD3BEF346D5857456A07ACF0DE00E01DE9747A869FB217D773CFBF60B4D6DEDEEEF4C179CAF422BBBB827B21B59FA1AA2D523B6085F70600EF088542C677D96718D9F532BEE3DED8D8C875DC674B696497BF202D5912B4FAF38353A7CF3435353DBD7EBDBB82FB646A1F3F4D555BA476C00AEF0D001E914AA58C3F213D7AECF8ACA4F6F343C3C65565D6AC59E3F4217A41D9C8AEFF15C1F5D7074A83BB1ED9F52E7057702FA4F65354B5456A07ACF0DE00E01132C3E9D9EEC107BF3B2B915D2F9914F5661B1A1A9C3E44D7AB10D975A6E05E1CD95D17DC0BA9FD24556D91DA012BBC370078818C6E46B09BAD0FDA8D9251526FB9BBBBDBE90375B1D2C85EFCBF324A837B69642FFD1F292A07F7426A7F87AAB648ED8015DE1B00BC20994CEAA94E66B8D98DECB2EEBBEFF2A53F128944D9574FA552D96C766E8FD865ACFEFCB4F85A3DC5C1BD77CF9EB291FDB9E75F286DC1C1E05EA1EB0BA97D90AAB648ED8015DE1B00BCA0B5B5550F7633BF744C696DDEF292DE78737373F18BCAA478F7DD77EB4F7DF2939F24B85BA97CC598B2C1FDEAABAFB613D99D0DEE070E1CD0F76DE1C2859D9D9DA66749EDA4766076F1DE00E005914844CF4F56C16E26756860406F3C100818AFD8D1D1617C215B2E3436367233A6B2EC5CE4B16C70B719D91D0CEE9AA6CD9B374FDFC3F9F3E7DF78E38DC5BFB91552FBDBD3ABB227A1DA1666F7B5AC1A341E2F5D98F6B1CF6527022EC27B03801718D77C9CDE25C0A72C23CDC8D7CA64329FFBDCE78A234E73737371A087C1FE75D92B04F72923BB83C1DDF4BDFC050B16AC5EBD5ABF48A8FC717CFC84FD321A313D68B55AA9B21B965DA7F8C7E2078B172ABC90A929AB85E9958FD40E58E0BD01C00B8CF06475CDEF1996D1BE71A51AD82123FBE62D2FD93CC9FFEAFEF795575E696AE18A2BAE58BFFE8F365B90AF152E70E258CB181F3F5E55993629DB8255B3C58FDBD9D0F8D16AA1F2FE4FB9F9942D5468D9E9E9045014EF0D005E100C06F59CF46A7F7F2D52BBF16518F95AD96CF6CB5FFEF2673FFB59239C2D5CB830140A397D0E54D4D7D72783FBA9D367A63CC365AF18A32B7B1DF7B22DC8BC2E5F712E0F70D1A245C67E460BE43E64321971F9B3F6635595B189C5EF001F58A7C2B6A56B966E65E7B5CAAE6F7AD058BFF20E547512E6B2070117E1BD01C00B8C8F57ED7FB26BBF641CD41B2FBE647B5757D7F5D75FFF99CF7C467FEA9A6BAEE1E6A965D909EE1522BBCDE0EE486437AE372A7F69BCF7DE7BE5BFA954CA78B690598F5655C626A5DB163F65C5B482695B539BA5AF5576A1F26B59AD5CF610EC9F84B9EC44C045786F00F082783CAEC785DF3DF1C4ACA7F657FBFBF5C64D1FA8CB98BE76EDDAEBAEBB4E3E2EFF9DE3C8E82295837BD9C87EC51557D80FEE8E4476E9C891237EBF3F1289040281442261FA4A7D21B6BE5555199BD859B0DAB6C2FAC50FBE17AFEDBED694CBA6C6AB3DF6E206E7B81F01B7E0BD01C00BDADADAF4ACB06AD53DB39EDA1F5DB74E6F3C168B95BE74369B4D2693E9747AEE8FDA45AC82BBD5AD947EFBFF1E2F7B1DF7D2E0EE5464D7C97E97BD5FF6A29F0EA6F60A2B5B856C930A4F99427985F44F6A076617EF0D005E90C964F4F420A3DEF9A1E1D94DED326EEA8DCB7CE6F481BA586970B78AECFA1563AC6EC0541CDC9D8DEC9515C2EB91AACAD8A4F282759236AF50BA7EE96BD97CA4ECB2E975ADDAA9F62438DD7580A2786F00F0884020A06788CECE8DB318D98D8BB54B4EDD80D3334A83FBAA55F7948DEC7A9506F7969616E3B7329523BBD053FB44B6AABA1C820B0BC623560BA5DB566ED9EA91F2BF00583F55BC42557B68FF2438DD7580A2786F00F0884422A1E789A6A6A659FCB8FD1B77DCA1371B8D469D3E442FA810DCCB5E97BD38B8BB28B28BCBA9FDB0FD2A5D5F7FC4F4B855B3A5AB153F52B6F1295BB66AA1ECB2B1B7A647AA2D523B6085F706008FC8E572C655D51F5DB76E5622FBD66DDB8D0F17550E88EE5236B857B895921EDCDD15D9C5E5D4FEE6B4AB7873D3B2F5E7DFEFAF50A1359BEBD87CB6F4758B1F99DE813BDD7580A2786F00F08EF6F676E353DB995F02F2D0C080F16B406B6BABD307E729A5C1BDF2FD535FEDEF775764179753FBC034EABDF86B7ED0B460B542695325E17E8A15AC9AAABCABC52B5468C7CEE13BDD7580A2786F00F094E6E6663D2EC8C03D93FBA4CA8C68FCA1A46C6A7070D0E923F31AFB37602A2EB744767139B51FA2AA2D523B6085F706004FC966B3C6D7A065DAAEFC09AE551D3D76DC88EC7EBFBFBBBBDBE9C3F2A66A83BB8B22BBB89CDA0F52D516A91DB0C27B0380D7C8906DFC0F7A99B9ABBDEFD2D66DDB8D2FC648EDEDED4E1F9097D90FEEEE8AEC82D44E6A07661BEF0D001E944EA78BAF18D8D4D464F5978EA68FD8EF5AB9B2F8DBBD44F6396027B8BB2EB28B426A9F983840555BA476C00AEF0D00DE94C96482C160710497D9FDA1871E7EB5BFBF34ACFFEE89275A5A5A8A5796A19F2FC6CC99CAC1DD8D915D5C4EED6F50D516A91DB0C27B038067E572B9B56BD7FAFDFEB257C958BA74A9D553B1588C3F3F9D6356C1DDA5915D5C4EED19AADA22B50356786F00F03899BFE3F178D9745E4A06C49E9E1EA777B94E950677F746767139B5BF4E555BA476C00AEF0D007541D3B4542A25E37B28143225F54020108D463B3A3AF87CDD71C5C1DDD5915DF2FBFD172FEE9998788DAAAA48ED8015DE1B000085E8C1FDD0C080AB23BB247F1B3C7CF8C589897EAAAA22B50356786F0000D422C3BA8CBCAE8EEC522412F94757C7847895B25FAF679E0D06834E771DA028523B0000B3AFADAD2D9158ED780E7657FD31F9683C1E77BAEB004591DA0100987DD96C3618BCE1A2B66B42ECA76C56347A7B3A9D76BAEB004591DA0100A889B5935A27C43ECA4EFD25F58B582CE274A701EA22B5030050139AA685C3B7F5F4FC5988BD54E51A1CDC120CDE90CB6D75BAD3007591DA0100A8954C26130A2DC964D242F451562523BBFCF5A6BBFB29A7BB0B501AA91D00801AEAE9E991C1BDADED3B42ECA14A2B9D7E2C180C7477FFC1E98E0254476A0700A0B6344D4B24E2E1F0ADC9E44F07073709D14BE572FF4EA57E1E8BB544A361B9EC7417012E406A0700602E747777C7E35F6F6CFC980F3E5F43C3C2586C850CEE4E770BE01AA4760000004075A4760000004075A4760000004075A4760000004075A4760000004075FF1F7EA057EAF0CA116A0000000049454E44AE426082, '0');

-- ----------------------------
-- Table structure for act_ge_property
-- ----------------------------
DROP TABLE IF EXISTS `act_ge_property`;
CREATE TABLE `act_ge_property` (
  `NAME_` varchar(64) COLLATE utf8_bin NOT NULL DEFAULT '',
  `VALUE_` varchar(300) COLLATE utf8_bin DEFAULT NULL,
  `REV_` int(11) DEFAULT NULL,
  PRIMARY KEY (`NAME_`)
) ENGINE=InnoDB DEFAULT CHARSET=utf8 COLLATE=utf8_bin;

-- ----------------------------
-- Records of act_ge_property
-- ----------------------------
INSERT INTO `act_ge_property` VALUES ('next.dbid', '2501', '2');
INSERT INTO `act_ge_property` VALUES ('schema.history', 'create(5.17.0.2)', '1');
INSERT INTO `act_ge_property` VALUES ('schema.version', '5.17.0.2', '1');

-- ----------------------------
-- Table structure for act_hi_actinst
-- ----------------------------
DROP TABLE IF EXISTS `act_hi_actinst`;
CREATE TABLE `act_hi_actinst` (
  `ID_` varchar(64) COLLATE utf8_bin NOT NULL,
  `PROC_DEF_ID_` varchar(64) COLLATE utf8_bin NOT NULL,
  `PROC_INST_ID_` varchar(64) COLLATE utf8_bin NOT NULL,
  `EXECUTION_ID_` varchar(64) COLLATE utf8_bin NOT NULL,
  `ACT_ID_` varchar(255) COLLATE utf8_bin NOT NULL,
  `TASK_ID_` varchar(64) COLLATE utf8_bin DEFAULT NULL,
  `CALL_PROC_INST_ID_` varchar(64) COLLATE utf8_bin DEFAULT NULL,
  `ACT_NAME_` varchar(255) COLLATE utf8_bin DEFAULT NULL,
  `ACT_TYPE_` varchar(255) COLLATE utf8_bin NOT NULL,
  `ASSIGNEE_` varchar(255) COLLATE utf8_bin DEFAULT NULL,
  `START_TIME_` datetime NOT NULL,
  `END_TIME_` datetime DEFAULT NULL,
  `DURATION_` bigint(20) DEFAULT NULL,
  `TENANT_ID_` varchar(255) COLLATE utf8_bin DEFAULT '',
  PRIMARY KEY (`ID_`),
  KEY `ACT_IDX_HI_ACT_INST_START` (`START_TIME_`),
  KEY `ACT_IDX_HI_ACT_INST_END` (`END_TIME_`),
  KEY `ACT_IDX_HI_ACT_INST_PROCINST` (`PROC_INST_ID_`,`ACT_ID_`),
  KEY `ACT_IDX_HI_ACT_INST_EXEC` (`EXECUTION_ID_`,`ACT_ID_`)
) ENGINE=InnoDB DEFAULT CHARSET=utf8 COLLATE=utf8_bin;

-- ----------------------------
-- Records of act_hi_actinst
-- ----------------------------

-- ----------------------------
-- Table structure for act_hi_attachment
-- ----------------------------
DROP TABLE IF EXISTS `act_hi_attachment`;
CREATE TABLE `act_hi_attachment` (
  `ID_` varchar(64) COLLATE utf8_bin NOT NULL,
  `REV_` int(11) DEFAULT NULL,
  `USER_ID_` varchar(255) COLLATE utf8_bin DEFAULT NULL,
  `NAME_` varchar(255) COLLATE utf8_bin DEFAULT NULL,
  `DESCRIPTION_` varchar(4000) COLLATE utf8_bin DEFAULT NULL,
  `TYPE_` varchar(255) COLLATE utf8_bin DEFAULT NULL,
  `TASK_ID_` varchar(64) COLLATE utf8_bin DEFAULT NULL,
  `PROC_INST_ID_` varchar(64) COLLATE utf8_bin DEFAULT NULL,
  `URL_` varchar(4000) COLLATE utf8_bin DEFAULT NULL,
  `CONTENT_ID_` varchar(64) COLLATE utf8_bin DEFAULT NULL,
  `TIME_` datetime DEFAULT NULL,
  PRIMARY KEY (`ID_`)
) ENGINE=InnoDB DEFAULT CHARSET=utf8 COLLATE=utf8_bin;

-- ----------------------------
-- Records of act_hi_attachment
-- ----------------------------

-- ----------------------------
-- Table structure for act_hi_comment
-- ----------------------------
DROP TABLE IF EXISTS `act_hi_comment`;
CREATE TABLE `act_hi_comment` (
  `ID_` varchar(64) COLLATE utf8_bin NOT NULL,
  `TYPE_` varchar(255) COLLATE utf8_bin DEFAULT NULL,
  `TIME_` datetime NOT NULL,
  `USER_ID_` varchar(255) COLLATE utf8_bin DEFAULT NULL,
  `TASK_ID_` varchar(64) COLLATE utf8_bin DEFAULT NULL,
  `PROC_INST_ID_` varchar(64) COLLATE utf8_bin DEFAULT NULL,
  `ACTION_` varchar(255) COLLATE utf8_bin DEFAULT NULL,
  `MESSAGE_` varchar(4000) COLLATE utf8_bin DEFAULT NULL,
  `FULL_MSG_` longblob,
  PRIMARY KEY (`ID_`)
) ENGINE=InnoDB DEFAULT CHARSET=utf8 COLLATE=utf8_bin;

-- ----------------------------
-- Records of act_hi_comment
-- ----------------------------

-- ----------------------------
-- Table structure for act_hi_detail
-- ----------------------------
DROP TABLE IF EXISTS `act_hi_detail`;
CREATE TABLE `act_hi_detail` (
  `ID_` varchar(64) COLLATE utf8_bin NOT NULL,
  `TYPE_` varchar(255) COLLATE utf8_bin NOT NULL,
  `PROC_INST_ID_` varchar(64) COLLATE utf8_bin DEFAULT NULL,
  `EXECUTION_ID_` varchar(64) COLLATE utf8_bin DEFAULT NULL,
  `TASK_ID_` varchar(64) COLLATE utf8_bin DEFAULT NULL,
  `ACT_INST_ID_` varchar(64) COLLATE utf8_bin DEFAULT NULL,
  `NAME_` varchar(255) COLLATE utf8_bin NOT NULL,
  `VAR_TYPE_` varchar(255) COLLATE utf8_bin DEFAULT NULL,
  `REV_` int(11) DEFAULT NULL,
  `TIME_` datetime NOT NULL,
  `BYTEARRAY_ID_` varchar(64) COLLATE utf8_bin DEFAULT NULL,
  `DOUBLE_` double DEFAULT NULL,
  `LONG_` bigint(20) DEFAULT NULL,
  `TEXT_` varchar(4000) COLLATE utf8_bin DEFAULT NULL,
  `TEXT2_` varchar(4000) COLLATE utf8_bin DEFAULT NULL,
  PRIMARY KEY (`ID_`),
  KEY `ACT_IDX_HI_DETAIL_PROC_INST` (`PROC_INST_ID_`),
  KEY `ACT_IDX_HI_DETAIL_ACT_INST` (`ACT_INST_ID_`),
  KEY `ACT_IDX_HI_DETAIL_TIME` (`TIME_`),
  KEY `ACT_IDX_HI_DETAIL_NAME` (`NAME_`),
  KEY `ACT_IDX_HI_DETAIL_TASK_ID` (`TASK_ID_`)
) ENGINE=InnoDB DEFAULT CHARSET=utf8 COLLATE=utf8_bin;

-- ----------------------------
-- Records of act_hi_detail
-- ----------------------------

-- ----------------------------
-- Table structure for act_hi_identitylink
-- ----------------------------
DROP TABLE IF EXISTS `act_hi_identitylink`;
CREATE TABLE `act_hi_identitylink` (
  `ID_` varchar(64) COLLATE utf8_bin NOT NULL DEFAULT '',
  `GROUP_ID_` varchar(255) COLLATE utf8_bin DEFAULT NULL,
  `TYPE_` varchar(255) COLLATE utf8_bin DEFAULT NULL,
  `USER_ID_` varchar(255) COLLATE utf8_bin DEFAULT NULL,
  `TASK_ID_` varchar(64) COLLATE utf8_bin DEFAULT NULL,
  `PROC_INST_ID_` varchar(64) COLLATE utf8_bin DEFAULT NULL,
  PRIMARY KEY (`ID_`),
  KEY `ACT_IDX_HI_IDENT_LNK_USER` (`USER_ID_`),
  KEY `ACT_IDX_HI_IDENT_LNK_TASK` (`TASK_ID_`),
  KEY `ACT_IDX_HI_IDENT_LNK_PROCINST` (`PROC_INST_ID_`)
) ENGINE=InnoDB DEFAULT CHARSET=utf8 COLLATE=utf8_bin;

-- ----------------------------
-- Records of act_hi_identitylink
-- ----------------------------

-- ----------------------------
-- Table structure for act_hi_procinst
-- ----------------------------
DROP TABLE IF EXISTS `act_hi_procinst`;
CREATE TABLE `act_hi_procinst` (
  `ID_` varchar(64) COLLATE utf8_bin NOT NULL,
  `PROC_INST_ID_` varchar(64) COLLATE utf8_bin NOT NULL,
  `BUSINESS_KEY_` varchar(255) COLLATE utf8_bin DEFAULT NULL,
  `PROC_DEF_ID_` varchar(64) COLLATE utf8_bin NOT NULL,
  `START_TIME_` datetime NOT NULL,
  `END_TIME_` datetime DEFAULT NULL,
  `DURATION_` bigint(20) DEFAULT NULL,
  `START_USER_ID_` varchar(255) COLLATE utf8_bin DEFAULT NULL,
  `START_ACT_ID_` varchar(255) COLLATE utf8_bin DEFAULT NULL,
  `END_ACT_ID_` varchar(255) COLLATE utf8_bin DEFAULT NULL,
  `SUPER_PROCESS_INSTANCE_ID_` varchar(64) COLLATE utf8_bin DEFAULT NULL,
  `DELETE_REASON_` varchar(4000) COLLATE utf8_bin DEFAULT NULL,
  `TENANT_ID_` varchar(255) COLLATE utf8_bin DEFAULT '',
  `NAME_` varchar(255) COLLATE utf8_bin DEFAULT NULL,
  PRIMARY KEY (`ID_`),
  UNIQUE KEY `PROC_INST_ID_` (`PROC_INST_ID_`),
  KEY `ACT_IDX_HI_PRO_INST_END` (`END_TIME_`),
  KEY `ACT_IDX_HI_PRO_I_BUSKEY` (`BUSINESS_KEY_`)
) ENGINE=InnoDB DEFAULT CHARSET=utf8 COLLATE=utf8_bin;

-- ----------------------------
-- Records of act_hi_procinst
-- ----------------------------

-- ----------------------------
-- Table structure for act_hi_taskinst
-- ----------------------------
DROP TABLE IF EXISTS `act_hi_taskinst`;
CREATE TABLE `act_hi_taskinst` (
  `ID_` varchar(64) COLLATE utf8_bin NOT NULL,
  `PROC_DEF_ID_` varchar(64) COLLATE utf8_bin DEFAULT NULL,
  `TASK_DEF_KEY_` varchar(255) COLLATE utf8_bin DEFAULT NULL,
  `PROC_INST_ID_` varchar(64) COLLATE utf8_bin DEFAULT NULL,
  `EXECUTION_ID_` varchar(64) COLLATE utf8_bin DEFAULT NULL,
  `NAME_` varchar(255) COLLATE utf8_bin DEFAULT NULL,
  `PARENT_TASK_ID_` varchar(64) COLLATE utf8_bin DEFAULT NULL,
  `DESCRIPTION_` varchar(4000) COLLATE utf8_bin DEFAULT NULL,
  `OWNER_` varchar(255) COLLATE utf8_bin DEFAULT NULL,
  `ASSIGNEE_` varchar(255) COLLATE utf8_bin DEFAULT NULL,
  `START_TIME_` datetime NOT NULL,
  `CLAIM_TIME_` datetime DEFAULT NULL,
  `END_TIME_` datetime DEFAULT NULL,
  `DURATION_` bigint(20) DEFAULT NULL,
  `DELETE_REASON_` varchar(4000) COLLATE utf8_bin DEFAULT NULL,
  `PRIORITY_` int(11) DEFAULT NULL,
  `DUE_DATE_` datetime DEFAULT NULL,
  `FORM_KEY_` varchar(255) COLLATE utf8_bin DEFAULT NULL,
  `CATEGORY_` varchar(255) COLLATE utf8_bin DEFAULT NULL,
  `TENANT_ID_` varchar(255) COLLATE utf8_bin DEFAULT '',
  PRIMARY KEY (`ID_`)
) ENGINE=InnoDB DEFAULT CHARSET=utf8 COLLATE=utf8_bin;

-- ----------------------------
-- Records of act_hi_taskinst
-- ----------------------------

-- ----------------------------
-- Table structure for act_hi_varinst
-- ----------------------------
DROP TABLE IF EXISTS `act_hi_varinst`;
CREATE TABLE `act_hi_varinst` (
  `ID_` varchar(64) COLLATE utf8_bin NOT NULL,
  `PROC_INST_ID_` varchar(64) COLLATE utf8_bin DEFAULT NULL,
  `EXECUTION_ID_` varchar(64) COLLATE utf8_bin DEFAULT NULL,
  `TASK_ID_` varchar(64) COLLATE utf8_bin DEFAULT NULL,
  `NAME_` varchar(255) COLLATE utf8_bin NOT NULL,
  `VAR_TYPE_` varchar(100) COLLATE utf8_bin DEFAULT NULL,
  `REV_` int(11) DEFAULT NULL,
  `BYTEARRAY_ID_` varchar(64) COLLATE utf8_bin DEFAULT NULL,
  `DOUBLE_` double DEFAULT NULL,
  `LONG_` bigint(20) DEFAULT NULL,
  `TEXT_` varchar(4000) COLLATE utf8_bin DEFAULT NULL,
  `TEXT2_` varchar(4000) COLLATE utf8_bin DEFAULT NULL,
  `CREATE_TIME_` datetime DEFAULT NULL,
  `LAST_UPDATED_TIME_` datetime DEFAULT NULL,
  PRIMARY KEY (`ID_`),
  KEY `ACT_IDX_HI_PROCVAR_PROC_INST` (`PROC_INST_ID_`),
  KEY `ACT_IDX_HI_PROCVAR_NAME_TYPE` (`NAME_`,`VAR_TYPE_`),
  KEY `ACT_IDX_HI_PROCVAR_TASK_ID` (`TASK_ID_`)
) ENGINE=InnoDB DEFAULT CHARSET=utf8 COLLATE=utf8_bin;

-- ----------------------------
-- Records of act_hi_varinst
-- ----------------------------

-- ----------------------------
-- Table structure for act_id_group
-- ----------------------------
DROP TABLE IF EXISTS `act_id_group`;
CREATE TABLE `act_id_group` (
  `ID_` varchar(64) COLLATE utf8_bin NOT NULL DEFAULT '',
  `REV_` int(11) DEFAULT NULL,
  `NAME_` varchar(255) COLLATE utf8_bin DEFAULT NULL,
  `TYPE_` varchar(255) COLLATE utf8_bin DEFAULT NULL,
  PRIMARY KEY (`ID_`)
) ENGINE=InnoDB DEFAULT CHARSET=utf8 COLLATE=utf8_bin;

-- ----------------------------
-- Records of act_id_group
-- ----------------------------

-- ----------------------------
-- Table structure for act_id_info
-- ----------------------------
DROP TABLE IF EXISTS `act_id_info`;
CREATE TABLE `act_id_info` (
  `ID_` varchar(64) COLLATE utf8_bin NOT NULL DEFAULT '',
  `REV_` int(11) DEFAULT NULL,
  `USER_ID_` varchar(64) COLLATE utf8_bin DEFAULT NULL,
  `TYPE_` varchar(64) COLLATE utf8_bin DEFAULT NULL,
  `KEY_` varchar(255) COLLATE utf8_bin DEFAULT NULL,
  `VALUE_` varchar(255) COLLATE utf8_bin DEFAULT NULL,
  `PASSWORD_` longblob,
  `PARENT_ID_` varchar(255) COLLATE utf8_bin DEFAULT NULL,
  PRIMARY KEY (`ID_`)
) ENGINE=InnoDB DEFAULT CHARSET=utf8 COLLATE=utf8_bin;

-- ----------------------------
-- Records of act_id_info
-- ----------------------------

-- ----------------------------
-- Table structure for act_id_membership
-- ----------------------------
DROP TABLE IF EXISTS `act_id_membership`;
CREATE TABLE `act_id_membership` (
  `USER_ID_` varchar(64) COLLATE utf8_bin NOT NULL DEFAULT '',
  `GROUP_ID_` varchar(64) COLLATE utf8_bin NOT NULL DEFAULT '',
  PRIMARY KEY (`USER_ID_`,`GROUP_ID_`),
  KEY `ACT_FK_MEMB_GROUP` (`GROUP_ID_`),
  CONSTRAINT `ACT_FK_MEMB_USER` FOREIGN KEY (`USER_ID_`) REFERENCES `act_id_user` (`ID_`),
  CONSTRAINT `ACT_FK_MEMB_GROUP` FOREIGN KEY (`GROUP_ID_`) REFERENCES `act_id_group` (`ID_`)
) ENGINE=InnoDB DEFAULT CHARSET=utf8 COLLATE=utf8_bin;

-- ----------------------------
-- Records of act_id_membership
-- ----------------------------

-- ----------------------------
-- Table structure for act_id_user
-- ----------------------------
DROP TABLE IF EXISTS `act_id_user`;
CREATE TABLE `act_id_user` (
  `ID_` varchar(64) COLLATE utf8_bin NOT NULL DEFAULT '',
  `REV_` int(11) DEFAULT NULL,
  `FIRST_` varchar(255) COLLATE utf8_bin DEFAULT NULL,
  `LAST_` varchar(255) COLLATE utf8_bin DEFAULT NULL,
  `EMAIL_` varchar(255) COLLATE utf8_bin DEFAULT NULL,
  `PWD_` varchar(255) COLLATE utf8_bin DEFAULT NULL,
  `PICTURE_ID_` varchar(64) COLLATE utf8_bin DEFAULT NULL,
  PRIMARY KEY (`ID_`)
) ENGINE=InnoDB DEFAULT CHARSET=utf8 COLLATE=utf8_bin;

-- ----------------------------
-- Records of act_id_user
-- ----------------------------

-- ----------------------------
-- Table structure for act_re_deployment
-- ----------------------------
DROP TABLE IF EXISTS `act_re_deployment`;
CREATE TABLE `act_re_deployment` (
  `ID_` varchar(64) COLLATE utf8_bin NOT NULL DEFAULT '',
  `NAME_` varchar(255) COLLATE utf8_bin DEFAULT NULL,
  `CATEGORY_` varchar(255) COLLATE utf8_bin DEFAULT NULL,
  `TENANT_ID_` varchar(255) COLLATE utf8_bin DEFAULT '',
  `DEPLOY_TIME_` timestamp NOT NULL DEFAULT CURRENT_TIMESTAMP ON UPDATE CURRENT_TIMESTAMP,
  PRIMARY KEY (`ID_`)
) ENGINE=InnoDB DEFAULT CHARSET=utf8 COLLATE=utf8_bin;

-- ----------------------------
-- Records of act_re_deployment
-- ----------------------------
INSERT INTO `act_re_deployment` VALUES ('1', '请假流程.zip', null, '', '2015-05-13 21:21:23');

-- ----------------------------
-- Table structure for act_re_model
-- ----------------------------
DROP TABLE IF EXISTS `act_re_model`;
CREATE TABLE `act_re_model` (
  `ID_` varchar(64) COLLATE utf8_bin NOT NULL,
  `REV_` int(11) DEFAULT NULL,
  `NAME_` varchar(255) COLLATE utf8_bin DEFAULT NULL,
  `KEY_` varchar(255) COLLATE utf8_bin DEFAULT NULL,
  `CATEGORY_` varchar(255) COLLATE utf8_bin DEFAULT NULL,
  `CREATE_TIME_` timestamp NULL DEFAULT NULL,
  `LAST_UPDATE_TIME_` timestamp NULL DEFAULT NULL,
  `VERSION_` int(11) DEFAULT NULL,
  `META_INFO_` varchar(4000) COLLATE utf8_bin DEFAULT NULL,
  `DEPLOYMENT_ID_` varchar(64) COLLATE utf8_bin DEFAULT NULL,
  `EDITOR_SOURCE_VALUE_ID_` varchar(64) COLLATE utf8_bin DEFAULT NULL,
  `EDITOR_SOURCE_EXTRA_VALUE_ID_` varchar(64) COLLATE utf8_bin DEFAULT NULL,
  `TENANT_ID_` varchar(255) COLLATE utf8_bin DEFAULT '',
  PRIMARY KEY (`ID_`),
  KEY `ACT_FK_MODEL_SOURCE` (`EDITOR_SOURCE_VALUE_ID_`),
  KEY `ACT_FK_MODEL_SOURCE_EXTRA` (`EDITOR_SOURCE_EXTRA_VALUE_ID_`),
  KEY `ACT_FK_MODEL_DEPLOYMENT` (`DEPLOYMENT_ID_`),
  CONSTRAINT `ACT_FK_MODEL_DEPLOYMENT` FOREIGN KEY (`DEPLOYMENT_ID_`) REFERENCES `act_re_deployment` (`ID_`),
  CONSTRAINT `ACT_FK_MODEL_SOURCE` FOREIGN KEY (`EDITOR_SOURCE_VALUE_ID_`) REFERENCES `act_ge_bytearray` (`ID_`),
  CONSTRAINT `ACT_FK_MODEL_SOURCE_EXTRA` FOREIGN KEY (`EDITOR_SOURCE_EXTRA_VALUE_ID_`) REFERENCES `act_ge_bytearray` (`ID_`)
) ENGINE=InnoDB DEFAULT CHARSET=utf8 COLLATE=utf8_bin;

-- ----------------------------
-- Records of act_re_model
-- ----------------------------

-- ----------------------------
-- Table structure for act_re_procdef
-- ----------------------------
DROP TABLE IF EXISTS `act_re_procdef`;
CREATE TABLE `act_re_procdef` (
  `ID_` varchar(64) COLLATE utf8_bin NOT NULL,
  `REV_` int(11) DEFAULT NULL,
  `CATEGORY_` varchar(255) COLLATE utf8_bin DEFAULT NULL,
  `NAME_` varchar(255) COLLATE utf8_bin DEFAULT NULL,
  `KEY_` varchar(255) COLLATE utf8_bin NOT NULL,
  `VERSION_` int(11) NOT NULL,
  `DEPLOYMENT_ID_` varchar(64) COLLATE utf8_bin DEFAULT NULL,
  `RESOURCE_NAME_` varchar(4000) COLLATE utf8_bin DEFAULT NULL,
  `DGRM_RESOURCE_NAME_` varchar(4000) COLLATE utf8_bin DEFAULT NULL,
  `DESCRIPTION_` varchar(4000) COLLATE utf8_bin DEFAULT NULL,
  `HAS_START_FORM_KEY_` tinyint(4) DEFAULT NULL,
  `HAS_GRAPHICAL_NOTATION_` tinyint(4) DEFAULT NULL,
  `SUSPENSION_STATE_` int(11) DEFAULT NULL,
  `TENANT_ID_` varchar(255) COLLATE utf8_bin DEFAULT '',
  PRIMARY KEY (`ID_`),
  UNIQUE KEY `ACT_UNIQ_PROCDEF` (`KEY_`,`VERSION_`,`TENANT_ID_`)
) ENGINE=InnoDB DEFAULT CHARSET=utf8 COLLATE=utf8_bin;

-- ----------------------------
-- Records of act_re_procdef
-- ----------------------------
INSERT INTO `act_re_procdef` VALUES ('myProcess:1:4', '1', 'http://www.activiti.org/test', '请假流程', 'myProcess', '1', '1', 'baoxiao.bpmn', 'baoxiao.png', null, '0', '1', '1', '');

-- ----------------------------
-- Table structure for act_ru_event_subscr
-- ----------------------------
DROP TABLE IF EXISTS `act_ru_event_subscr`;
CREATE TABLE `act_ru_event_subscr` (
  `ID_` varchar(64) COLLATE utf8_bin NOT NULL,
  `REV_` int(11) DEFAULT NULL,
  `EVENT_TYPE_` varchar(255) COLLATE utf8_bin NOT NULL,
  `EVENT_NAME_` varchar(255) COLLATE utf8_bin DEFAULT NULL,
  `EXECUTION_ID_` varchar(64) COLLATE utf8_bin DEFAULT NULL,
  `PROC_INST_ID_` varchar(64) COLLATE utf8_bin DEFAULT NULL,
  `ACTIVITY_ID_` varchar(64) COLLATE utf8_bin DEFAULT NULL,
  `CONFIGURATION_` varchar(255) COLLATE utf8_bin DEFAULT NULL,
  `CREATED_` timestamp NOT NULL DEFAULT CURRENT_TIMESTAMP,
  `PROC_DEF_ID_` varchar(64) COLLATE utf8_bin DEFAULT NULL,
  `TENANT_ID_` varchar(255) COLLATE utf8_bin DEFAULT '',
  PRIMARY KEY (`ID_`),
  KEY `ACT_IDX_EVENT_SUBSCR_CONFIG_` (`CONFIGURATION_`),
  KEY `ACT_FK_EVENT_EXEC` (`EXECUTION_ID_`),
  CONSTRAINT `ACT_FK_EVENT_EXEC` FOREIGN KEY (`EXECUTION_ID_`) REFERENCES `act_ru_execution` (`ID_`)
) ENGINE=InnoDB DEFAULT CHARSET=utf8 COLLATE=utf8_bin;

-- ----------------------------
-- Records of act_ru_event_subscr
-- ----------------------------

-- ----------------------------
-- Table structure for act_ru_execution
-- ----------------------------
DROP TABLE IF EXISTS `act_ru_execution`;
CREATE TABLE `act_ru_execution` (
  `ID_` varchar(64) COLLATE utf8_bin NOT NULL DEFAULT '',
  `REV_` int(11) DEFAULT NULL,
  `PROC_INST_ID_` varchar(64) COLLATE utf8_bin DEFAULT NULL,
  `BUSINESS_KEY_` varchar(255) COLLATE utf8_bin DEFAULT NULL,
  `PARENT_ID_` varchar(64) COLLATE utf8_bin DEFAULT NULL,
  `PROC_DEF_ID_` varchar(64) COLLATE utf8_bin DEFAULT NULL,
  `SUPER_EXEC_` varchar(64) COLLATE utf8_bin DEFAULT NULL,
  `ACT_ID_` varchar(255) COLLATE utf8_bin DEFAULT NULL,
  `IS_ACTIVE_` tinyint(4) DEFAULT NULL,
  `IS_CONCURRENT_` tinyint(4) DEFAULT NULL,
  `IS_SCOPE_` tinyint(4) DEFAULT NULL,
  `IS_EVENT_SCOPE_` tinyint(4) DEFAULT NULL,
  `SUSPENSION_STATE_` int(11) DEFAULT NULL,
  `CACHED_ENT_STATE_` int(11) DEFAULT NULL,
  `TENANT_ID_` varchar(255) COLLATE utf8_bin DEFAULT '',
  `NAME_` varchar(255) COLLATE utf8_bin DEFAULT NULL,
  `LOCK_TIME_` timestamp NULL DEFAULT NULL,
  PRIMARY KEY (`ID_`),
  KEY `ACT_IDX_EXEC_BUSKEY` (`BUSINESS_KEY_`),
  KEY `ACT_FK_EXE_PROCINST` (`PROC_INST_ID_`),
  KEY `ACT_FK_EXE_PARENT` (`PARENT_ID_`),
  KEY `ACT_FK_EXE_SUPER` (`SUPER_EXEC_`),
  KEY `ACT_FK_EXE_PROCDEF` (`PROC_DEF_ID_`),
  CONSTRAINT `ACT_FK_EXE_PROCDEF` FOREIGN KEY (`PROC_DEF_ID_`) REFERENCES `act_re_procdef` (`ID_`),
  CONSTRAINT `ACT_FK_EXE_PARENT` FOREIGN KEY (`PARENT_ID_`) REFERENCES `act_ru_execution` (`ID_`),
  CONSTRAINT `ACT_FK_EXE_PROCINST` FOREIGN KEY (`PROC_INST_ID_`) REFERENCES `act_ru_execution` (`ID_`) ON DELETE CASCADE ON UPDATE CASCADE,
  CONSTRAINT `ACT_FK_EXE_SUPER` FOREIGN KEY (`SUPER_EXEC_`) REFERENCES `act_ru_execution` (`ID_`)
) ENGINE=InnoDB DEFAULT CHARSET=utf8 COLLATE=utf8_bin;

-- ----------------------------
-- Records of act_ru_execution
-- ----------------------------

-- ----------------------------
-- Table structure for act_ru_identitylink
-- ----------------------------
DROP TABLE IF EXISTS `act_ru_identitylink`;
CREATE TABLE `act_ru_identitylink` (
  `ID_` varchar(64) COLLATE utf8_bin NOT NULL DEFAULT '',
  `REV_` int(11) DEFAULT NULL,
  `GROUP_ID_` varchar(255) COLLATE utf8_bin DEFAULT NULL,
  `TYPE_` varchar(255) COLLATE utf8_bin DEFAULT NULL,
  `USER_ID_` varchar(255) COLLATE utf8_bin DEFAULT NULL,
  `TASK_ID_` varchar(64) COLLATE utf8_bin DEFAULT NULL,
  `PROC_INST_ID_` varchar(64) COLLATE utf8_bin DEFAULT NULL,
  `PROC_DEF_ID_` varchar(64) COLLATE utf8_bin DEFAULT NULL,
  PRIMARY KEY (`ID_`),
  KEY `ACT_IDX_IDENT_LNK_USER` (`USER_ID_`),
  KEY `ACT_IDX_IDENT_LNK_GROUP` (`GROUP_ID_`),
  KEY `ACT_IDX_ATHRZ_PROCEDEF` (`PROC_DEF_ID_`),
  KEY `ACT_FK_TSKASS_TASK` (`TASK_ID_`),
  KEY `ACT_FK_IDL_PROCINST` (`PROC_INST_ID_`),
  CONSTRAINT `ACT_FK_IDL_PROCINST` FOREIGN KEY (`PROC_INST_ID_`) REFERENCES `act_ru_execution` (`ID_`),
  CONSTRAINT `ACT_FK_ATHRZ_PROCEDEF` FOREIGN KEY (`PROC_DEF_ID_`) REFERENCES `act_re_procdef` (`ID_`),
  CONSTRAINT `ACT_FK_TSKASS_TASK` FOREIGN KEY (`TASK_ID_`) REFERENCES `act_ru_task` (`ID_`)
) ENGINE=InnoDB DEFAULT CHARSET=utf8 COLLATE=utf8_bin;

-- ----------------------------
-- Records of act_ru_identitylink
-- ----------------------------

-- ----------------------------
-- Table structure for act_ru_job
-- ----------------------------
DROP TABLE IF EXISTS `act_ru_job`;
CREATE TABLE `act_ru_job` (
  `ID_` varchar(64) COLLATE utf8_bin NOT NULL,
  `REV_` int(11) DEFAULT NULL,
  `TYPE_` varchar(255) COLLATE utf8_bin NOT NULL,
  `LOCK_EXP_TIME_` timestamp NULL DEFAULT NULL,
  `LOCK_OWNER_` varchar(255) COLLATE utf8_bin DEFAULT NULL,
  `EXCLUSIVE_` tinyint(1) DEFAULT NULL,
  `EXECUTION_ID_` varchar(64) COLLATE utf8_bin DEFAULT NULL,
  `PROCESS_INSTANCE_ID_` varchar(64) COLLATE utf8_bin DEFAULT NULL,
  `PROC_DEF_ID_` varchar(64) COLLATE utf8_bin DEFAULT NULL,
  `RETRIES_` int(11) DEFAULT NULL,
  `EXCEPTION_STACK_ID_` varchar(64) COLLATE utf8_bin DEFAULT NULL,
  `EXCEPTION_MSG_` varchar(4000) COLLATE utf8_bin DEFAULT NULL,
  `DUEDATE_` timestamp NULL DEFAULT NULL,
  `REPEAT_` varchar(255) COLLATE utf8_bin DEFAULT NULL,
  `HANDLER_TYPE_` varchar(255) COLLATE utf8_bin DEFAULT NULL,
  `HANDLER_CFG_` varchar(4000) COLLATE utf8_bin DEFAULT NULL,
  `TENANT_ID_` varchar(255) COLLATE utf8_bin DEFAULT '',
  PRIMARY KEY (`ID_`),
  KEY `ACT_FK_JOB_EXCEPTION` (`EXCEPTION_STACK_ID_`),
  CONSTRAINT `ACT_FK_JOB_EXCEPTION` FOREIGN KEY (`EXCEPTION_STACK_ID_`) REFERENCES `act_ge_bytearray` (`ID_`)
) ENGINE=InnoDB DEFAULT CHARSET=utf8 COLLATE=utf8_bin;

-- ----------------------------
-- Records of act_ru_job
-- ----------------------------

-- ----------------------------
-- Table structure for act_ru_task
-- ----------------------------
DROP TABLE IF EXISTS `act_ru_task`;
CREATE TABLE `act_ru_task` (
  `ID_` varchar(64) COLLATE utf8_bin NOT NULL DEFAULT '',
  `REV_` int(11) DEFAULT NULL,
  `EXECUTION_ID_` varchar(64) COLLATE utf8_bin DEFAULT NULL,
  `PROC_INST_ID_` varchar(64) COLLATE utf8_bin DEFAULT NULL,
  `PROC_DEF_ID_` varchar(64) COLLATE utf8_bin DEFAULT NULL,
  `NAME_` varchar(255) COLLATE utf8_bin DEFAULT NULL,
  `PARENT_TASK_ID_` varchar(64) COLLATE utf8_bin DEFAULT NULL,
  `DESCRIPTION_` varchar(4000) COLLATE utf8_bin DEFAULT NULL,
  `TASK_DEF_KEY_` varchar(255) COLLATE utf8_bin DEFAULT NULL,
  `OWNER_` varchar(255) COLLATE utf8_bin DEFAULT NULL,
  `ASSIGNEE_` varchar(255) COLLATE utf8_bin DEFAULT NULL,
  `DELEGATION_` varchar(64) COLLATE utf8_bin DEFAULT NULL,
  `PRIORITY_` int(11) DEFAULT NULL,
  `CREATE_TIME_` timestamp NOT NULL DEFAULT CURRENT_TIMESTAMP ON UPDATE CURRENT_TIMESTAMP,
  `DUE_DATE_` datetime DEFAULT NULL,
  `CATEGORY_` varchar(255) COLLATE utf8_bin DEFAULT NULL,
  `SUSPENSION_STATE_` int(11) DEFAULT NULL,
  `TENANT_ID_` varchar(255) COLLATE utf8_bin DEFAULT '',
  `FORM_KEY_` varchar(255) COLLATE utf8_bin DEFAULT NULL,
  PRIMARY KEY (`ID_`),
  KEY `ACT_IDX_TASK_CREATE` (`CREATE_TIME_`),
  KEY `ACT_FK_TASK_EXE` (`EXECUTION_ID_`),
  KEY `ACT_FK_TASK_PROCINST` (`PROC_INST_ID_`),
  KEY `ACT_FK_TASK_PROCDEF` (`PROC_DEF_ID_`),
  CONSTRAINT `ACT_FK_TASK_PROCDEF` FOREIGN KEY (`PROC_DEF_ID_`) REFERENCES `act_re_procdef` (`ID_`),
  CONSTRAINT `ACT_FK_TASK_EXE` FOREIGN KEY (`EXECUTION_ID_`) REFERENCES `act_ru_execution` (`ID_`),
  CONSTRAINT `ACT_FK_TASK_PROCINST` FOREIGN KEY (`PROC_INST_ID_`) REFERENCES `act_ru_execution` (`ID_`)
) ENGINE=InnoDB DEFAULT CHARSET=utf8 COLLATE=utf8_bin;

-- ----------------------------
-- Records of act_ru_task
-- ----------------------------

-- ----------------------------
-- Table structure for act_ru_variable
-- ----------------------------
DROP TABLE IF EXISTS `act_ru_variable`;
CREATE TABLE `act_ru_variable` (
  `ID_` varchar(64) COLLATE utf8_bin NOT NULL,
  `REV_` int(11) DEFAULT NULL,
  `TYPE_` varchar(255) COLLATE utf8_bin NOT NULL,
  `NAME_` varchar(255) COLLATE utf8_bin NOT NULL,
  `EXECUTION_ID_` varchar(64) COLLATE utf8_bin DEFAULT NULL,
  `PROC_INST_ID_` varchar(64) COLLATE utf8_bin DEFAULT NULL,
  `TASK_ID_` varchar(64) COLLATE utf8_bin DEFAULT NULL,
  `BYTEARRAY_ID_` varchar(64) COLLATE utf8_bin DEFAULT NULL,
  `DOUBLE_` double DEFAULT NULL,
  `LONG_` bigint(20) DEFAULT NULL,
  `TEXT_` varchar(4000) COLLATE utf8_bin DEFAULT NULL,
  `TEXT2_` varchar(4000) COLLATE utf8_bin DEFAULT NULL,
  PRIMARY KEY (`ID_`),
  KEY `ACT_IDX_VARIABLE_TASK_ID` (`TASK_ID_`),
  KEY `ACT_FK_VAR_EXE` (`EXECUTION_ID_`),
  KEY `ACT_FK_VAR_PROCINST` (`PROC_INST_ID_`),
  KEY `ACT_FK_VAR_BYTEARRAY` (`BYTEARRAY_ID_`),
  CONSTRAINT `ACT_FK_VAR_BYTEARRAY` FOREIGN KEY (`BYTEARRAY_ID_`) REFERENCES `act_ge_bytearray` (`ID_`),
  CONSTRAINT `ACT_FK_VAR_EXE` FOREIGN KEY (`EXECUTION_ID_`) REFERENCES `act_ru_execution` (`ID_`),
  CONSTRAINT `ACT_FK_VAR_PROCINST` FOREIGN KEY (`PROC_INST_ID_`) REFERENCES `act_ru_execution` (`ID_`)
) ENGINE=InnoDB DEFAULT CHARSET=utf8 COLLATE=utf8_bin;

-- ----------------------------
-- Records of act_ru_variable
-- ----------------------------

-- ----------------------------
-- Table structure for pro_column
-- ----------------------------
DROP TABLE IF EXISTS `pro_column`;
CREATE TABLE `pro_column` (
  `id` varchar(255) NOT NULL,
  `create_time` datetime DEFAULT NULL,
  `update_time` datetime DEFAULT NULL,
  `is_delete` varchar(255) DEFAULT NULL,
  `name` varchar(255) DEFAULT NULL,
  `p_id` varchar(255) DEFAULT NULL,
  PRIMARY KEY (`id`),
  KEY `FK_195d79ejbacgpc3apwy89lttg` (`p_id`),
  CONSTRAINT `FK_195d79ejbacgpc3apwy89lttg` FOREIGN KEY (`p_id`) REFERENCES `pro_column` (`id`)
) ENGINE=InnoDB DEFAULT CHARSET=utf8;

-- ----------------------------
-- Records of pro_column
-- ----------------------------

-- ----------------------------
-- Table structure for pro_news
-- ----------------------------
DROP TABLE IF EXISTS `pro_news`;
CREATE TABLE `pro_news` (
  `id` varchar(255) NOT NULL,
  `create_time` datetime DEFAULT NULL,
  `update_time` datetime DEFAULT NULL,
  `content` varchar(255) DEFAULT NULL,
  `is_delete` varchar(255) DEFAULT NULL,
  `column_id` varchar(255) DEFAULT NULL,
  PRIMARY KEY (`id`),
  KEY `FK_q7ns2jbgomv7ogwepksx35gd9` (`column_id`),
  CONSTRAINT `FK_q7ns2jbgomv7ogwepksx35gd9` FOREIGN KEY (`column_id`) REFERENCES `pro_column` (`id`)
) ENGINE=InnoDB DEFAULT CHARSET=utf8;

-- ----------------------------
-- Records of pro_news
-- ----------------------------

-- ----------------------------
-- Table structure for system_department
-- ----------------------------
DROP TABLE IF EXISTS `system_department`;
CREATE TABLE `system_department` (
  `id` varchar(255) NOT NULL,
  `create_time` datetime DEFAULT NULL,
  `update_time` datetime DEFAULT NULL,
  `name` varchar(255) DEFAULT NULL,
  `status` varchar(255) DEFAULT NULL,
  `p_id` varchar(255) DEFAULT NULL,
  PRIMARY KEY (`id`),
  KEY `FK_nke2w7bmi6qhypcgw7snrgs8e` (`p_id`),
  CONSTRAINT `FK_nke2w7bmi6qhypcgw7snrgs8e` FOREIGN KEY (`p_id`) REFERENCES `system_department` (`id`)
) ENGINE=InnoDB DEFAULT CHARSET=utf8;

-- ----------------------------
-- Records of system_department
-- ----------------------------

-- ----------------------------
-- Table structure for system_module
-- ----------------------------
DROP TABLE IF EXISTS `system_module`;
CREATE TABLE `system_module` (
  `id` varchar(255) NOT NULL,
  `create_time` datetime DEFAULT NULL,
  `update_time` datetime DEFAULT NULL,
  `icon` varchar(255) DEFAULT NULL,
  `is_disable` int(11) DEFAULT NULL,
  `name` varchar(255) DEFAULT NULL,
  `path` varchar(255) DEFAULT NULL,
  `sort` int(11) DEFAULT NULL,
  `p_id` varchar(255) DEFAULT NULL,
  `permission` varchar(255) DEFAULT NULL,
  PRIMARY KEY (`id`),
  KEY `FK_7giu2wvjkl2lb8jypjh17g84o` (`p_id`),
  CONSTRAINT `FK_7giu2wvjkl2lb8jypjh17g84o` FOREIGN KEY (`p_id`) REFERENCES `system_module` (`id`)
) ENGINE=InnoDB DEFAULT CHARSET=utf8;

-- ----------------------------
-- Records of system_module
-- ----------------------------
INSERT INTO `system_module` VALUES ('06e52b2e-e795-46db-b9d2-c9e78a1e919c', '2015-05-13 23:22:40', '2015-05-13 23:22:40', null, '0', '角色列表', '/role/list', '1', '7b2086d7-62b7-46a6-ab01-a42ee90f888e', '角色列表');
INSERT INTO `system_module` VALUES ('3310280a-0933-43c7-af9a-1d0547566c01', '2015-05-13 22:56:05', '2015-05-13 22:56:05', null, '0', '用户列表', '/user/list', '1', '89160974-da28-40b2-8143-9df09acafd38', '用户列表');
INSERT INTO `system_module` VALUES ('56e81bac-4677-4bc0-b08e-8c37099a70c0', '2015-05-14 13:49:06', '2015-05-14 13:49:06', null, '0', '流程列表', '/activiti/list', '1', 'b38c63e2-9806-4ab3-8d84-e706eb165f5b', '流程列表');
INSERT INTO `system_module` VALUES ('6b53b5ba-c2ae-4a52-ac84-1a15a05253f5', '2015-05-13 22:49:33', '2015-05-13 22:49:33', null, '0', '菜单管理', 'javascript:void(0)', '1', '8da4877c-3996-4b76-b4fa-051491fa4cb0', '菜单管理');
INSERT INTO `system_module` VALUES ('7b2086d7-62b7-46a6-ab01-a42ee90f888e', '2015-05-13 23:22:09', '2015-05-13 23:22:09', null, '0', '角色管理', 'javascript:void(0)', '1', '8da4877c-3996-4b76-b4fa-051491fa4cb0', '角色管理');
INSERT INTO `system_module` VALUES ('89160974-da28-40b2-8143-9df09acafd38', '2015-05-13 22:46:26', '2015-05-13 22:46:42', null, '0', '用户管理', 'javascript:void(0)', '1', '8da4877c-3996-4b76-b4fa-051491fa4cb0', '用户管理');
INSERT INTO `system_module` VALUES ('8da4877c-3996-4b76-b4fa-051491fa4cb0', '2015-05-13 21:23:30', '2015-05-13 21:23:30', null, '0', '目录', '', '1', null, '目录');
INSERT INTO `system_module` VALUES ('b38c63e2-9806-4ab3-8d84-e706eb165f5b', '2015-05-14 13:48:29', '2015-05-14 13:48:29', null, '0', '流程管理', 'javascript:void(0)', '1', '8da4877c-3996-4b76-b4fa-051491fa4cb0', '流程管理');
INSERT INTO `system_module` VALUES ('c49b3990-3ba0-4bea-bb45-e0665ca97eb8', '2015-05-13 22:56:19', '2015-05-13 22:56:19', null, '0', '菜单列表', '/menu/list', '1', '6b53b5ba-c2ae-4a52-ac84-1a15a05253f5', '菜单列表');

-- ----------------------------
-- Table structure for system_role
-- ----------------------------
DROP TABLE IF EXISTS `system_role`;
CREATE TABLE `system_role` (
  `id` varchar(255) NOT NULL,
  `create_time` datetime DEFAULT NULL,
  `update_time` datetime DEFAULT NULL,
  `is_disable` varchar(255) DEFAULT NULL,
  `name` varchar(255) DEFAULT NULL,
  `type` varchar(255) DEFAULT NULL,
  PRIMARY KEY (`id`)
) ENGINE=InnoDB DEFAULT CHARSET=utf8;

-- ----------------------------
-- Records of system_role
-- ----------------------------
INSERT INTO `system_role` VALUES ('99e58ffd-f4c9-43ed-80b4-9d7bafa477fb', '2015-05-13 23:23:12', '2015-05-13 23:46:37', '1', '管理员', null);
INSERT INTO `system_role` VALUES ('f111b789-fe6b-4feb-93e6-94491328a533', '2015-05-13 23:23:27', '2015-05-13 23:45:50', '1', '游客', null);

-- ----------------------------
-- Table structure for system_role_module
-- ----------------------------
DROP TABLE IF EXISTS `system_role_module`;
CREATE TABLE `system_role_module` (
  `role_id` varchar(255) NOT NULL,
  `menu_id` varchar(255) NOT NULL,
  KEY `FK_6kngn0sbx70kf6dy0nkuuc959` (`menu_id`),
  KEY `FK_tdl2shi5xcrl0eg13dye0ob0r` (`role_id`),
  CONSTRAINT `FK_tdl2shi5xcrl0eg13dye0ob0r` FOREIGN KEY (`role_id`) REFERENCES `system_role` (`id`),
  CONSTRAINT `FK_6kngn0sbx70kf6dy0nkuuc959` FOREIGN KEY (`menu_id`) REFERENCES `system_module` (`id`)
) ENGINE=InnoDB DEFAULT CHARSET=utf8;

-- ----------------------------
-- Records of system_role_module
-- ----------------------------
INSERT INTO `system_role_module` VALUES ('f111b789-fe6b-4feb-93e6-94491328a533', '6b53b5ba-c2ae-4a52-ac84-1a15a05253f5');
INSERT INTO `system_role_module` VALUES ('f111b789-fe6b-4feb-93e6-94491328a533', '7b2086d7-62b7-46a6-ab01-a42ee90f888e');
INSERT INTO `system_role_module` VALUES ('99e58ffd-f4c9-43ed-80b4-9d7bafa477fb', '6b53b5ba-c2ae-4a52-ac84-1a15a05253f5');
INSERT INTO `system_role_module` VALUES ('99e58ffd-f4c9-43ed-80b4-9d7bafa477fb', 'c49b3990-3ba0-4bea-bb45-e0665ca97eb8');
INSERT INTO `system_role_module` VALUES ('99e58ffd-f4c9-43ed-80b4-9d7bafa477fb', '7b2086d7-62b7-46a6-ab01-a42ee90f888e');
INSERT INTO `system_role_module` VALUES ('99e58ffd-f4c9-43ed-80b4-9d7bafa477fb', '06e52b2e-e795-46db-b9d2-c9e78a1e919c');
INSERT INTO `system_role_module` VALUES ('99e58ffd-f4c9-43ed-80b4-9d7bafa477fb', '89160974-da28-40b2-8143-9df09acafd38');

-- ----------------------------
-- Table structure for system_user
-- ----------------------------
DROP TABLE IF EXISTS `system_user`;
CREATE TABLE `system_user` (
  `id` varchar(255) NOT NULL,
  `create_time` datetime DEFAULT NULL,
  `update_time` datetime DEFAULT NULL,
  `qq` varchar(255) DEFAULT NULL,
  `address` varchar(255) DEFAULT NULL,
  `email` varchar(255) DEFAULT NULL,
  `login_name` varchar(255) DEFAULT NULL,
  `password` varchar(255) DEFAULT NULL,
  `phone` varchar(255) DEFAULT NULL,
  `real_name` varchar(255) DEFAULT NULL,
  `sex` varchar(255) DEFAULT NULL,
  `status` int(11) DEFAULT NULL,
  `is_delete` bit(1) DEFAULT NULL,
  PRIMARY KEY (`id`)
) ENGINE=InnoDB DEFAULT CHARSET=utf8;

-- ----------------------------
-- Records of system_user
-- ----------------------------
INSERT INTO `system_user` VALUES ('652182c4-7795-47c5-a3ec-92738e034f68', '2015-05-13 23:50:37', null, '123456', '四川成都', '11@qq.com', 'nick0927', '25f9e794323b453885f5181f1b624d0b', '13297989280', '你可', 'women', '1', '\0');
INSERT INTO `system_user` VALUES ('a9c4b924-6a63-440b-a26a-011099341432', '2015-05-14 17:18:16', null, '123456', '广东深圳', '11@qq.com', 'root123', '25f9e794323b453885f5181f1b624d0b', '13298745632', '超级管理员', 'man', '1', '\0');
INSERT INTO `system_user` VALUES ('ec1d755c-9d2f-4d3d-a279-1f2186457fc5', '2015-05-13 23:50:00', null, '1078531058', '北京东城', '1078531058@qq.com', 'huangyuan', '6bdaf9cf3f4ca51956c57cc7330bb498', '13297989280', '黄园', 'man', '1', '\0');

-- ----------------------------
-- Table structure for system_user_dept
-- ----------------------------
DROP TABLE IF EXISTS `system_user_dept`;
CREATE TABLE `system_user_dept` (
  `user_id` varchar(255) NOT NULL,
  `dept_id` varchar(255) NOT NULL,
  KEY `FK_pubs3oi6dfpkscha4ocedjotr` (`dept_id`),
  KEY `FK_bgycye4xwbmb930qeffcv6epp` (`user_id`),
  CONSTRAINT `FK_bgycye4xwbmb930qeffcv6epp` FOREIGN KEY (`user_id`) REFERENCES `system_user` (`id`),
  CONSTRAINT `FK_pubs3oi6dfpkscha4ocedjotr` FOREIGN KEY (`dept_id`) REFERENCES `system_department` (`id`)
) ENGINE=InnoDB DEFAULT CHARSET=utf8;

-- ----------------------------
-- Records of system_user_dept
-- ----------------------------

-- ----------------------------
-- Table structure for system_user_role
-- ----------------------------
DROP TABLE IF EXISTS `system_user_role`;
CREATE TABLE `system_user_role` (
  `user_id` varchar(255) NOT NULL,
  `role_id` varchar(255) NOT NULL,
  KEY `FK_padaxfx6721apr2076cuhp98h` (`role_id`),
  KEY `FK_5xwe54xrfvru0h6fryqlo42ib` (`user_id`),
  CONSTRAINT `FK_5xwe54xrfvru0h6fryqlo42ib` FOREIGN KEY (`user_id`) REFERENCES `system_user` (`id`),
  CONSTRAINT `FK_padaxfx6721apr2076cuhp98h` FOREIGN KEY (`role_id`) REFERENCES `system_role` (`id`)
) ENGINE=InnoDB DEFAULT CHARSET=utf8;

-- ----------------------------
-- Records of system_user_role
-- ----------------------------
INSERT INTO `system_user_role` VALUES ('ec1d755c-9d2f-4d3d-a279-1f2186457fc5', '99e58ffd-f4c9-43ed-80b4-9d7bafa477fb');

-- ----------------------------
-- Table structure for system_version
-- ----------------------------
DROP TABLE IF EXISTS `system_version`;
CREATE TABLE `system_version` (
  `id` varchar(255) NOT NULL,
  `create_time` datetime DEFAULT NULL,
  `update_time` datetime DEFAULT NULL,
  `icon` varchar(255) DEFAULT NULL,
  `name` varchar(255) DEFAULT NULL,
  `path` varchar(255) DEFAULT NULL,
  `size` varchar(255) DEFAULT NULL,
  `suffix` varchar(255) DEFAULT NULL,
  `type` varchar(255) DEFAULT NULL,
  `version_id` varchar(255) DEFAULT NULL,
  PRIMARY KEY (`id`),
  KEY `FK_lq5shrd7ngatg7fl7w07m2a1g` (`version_id`),
  CONSTRAINT `FK_lq5shrd7ngatg7fl7w07m2a1g` FOREIGN KEY (`version_id`) REFERENCES `pro_news` (`id`)
) ENGINE=InnoDB DEFAULT CHARSET=utf8;

-- ----------------------------
-- Records of system_version
-- ----------------------------
